名称	価格	常時発動	士気低下効果	混乱効果
パニック	0	なし	なし	行動不能<br>・全ての耐性が脆弱になる
圧倒	0	なし	R開始時、武装解除2を得る	行動不能<br>・混乱復帰時、虚弱3と脆弱5を得る
萎縮	0	なし	R開始時、束縛3を得る	虚弱3を得て、全ての耐性が脆弱になる
悔しさ	50	なし	R開始時、ダメージ量増加1と脆弱2を得る	ダメージ量増加2と脆弱5を得て全ての耐性が脆弱になる
哀しみ	50	なし	R開始時、混乱脆弱2と大罪資源獲得量増加1を得る	ダメージ量減少5と脆弱3を得て全ての耐性が弱点になる
狂人	50	なし	R開始時、パワー1を得て[敵味方識別不可]状態になる	[敵味方識別不可]状態になりマッチ威力+2<br>ダメージ量増加1を得て全ての耐性が弱点になる
不順	50	なし	R開始時、脆弱2を得る。マッチ敗北時、次の R に束縛2を得る	行動不能<br>全ての耐性が弱点になる
ギャンブラー	50	なし	R開始時、武装解除1を得て1d100を振り、50以下であればダメージ量増加1、51以上であればダメージ量減少2を得る	1d100を振る。10以下が出たら混乱から 即時復帰する（SANも回復）、11以上が出れば精神 タイプ[パニック]と同じ混乱効果を受ける
立ち向かう	50	なし	R開始時、保護1とダメージ量減少2を得る	行動不能<br>混乱復帰時、虚弱5を得る
自暴自棄	50	なし	R開始時、出血2とパワー1を得る	全ての耐性が脆弱になる<br>1 シナリオ中に3回混乱したなら、即座に死亡する
報復	50	なし	味方が被ダメージ時、次のRにてダ メージ量増加2と脆弱2を得る（最大1回）	行動不能<br>混乱終了時、味方がこの戦闘で死亡しているなら次のRにパワー2とクイック2を得る<br>味方が死亡してなければ虚弱2を得る
逆恨み	50	なし	被ダメージ時、脆弱1とダメージ増加1を得る（最大3）	R開始時に脆弱3を得る<br>自分を混乱させた対象が死亡するまで混乱復帰せず、その対象を必ず攻撃対象にする<br>対象が死亡した場合、全ての耐性が脆弱に変化し、次のRに行動不能となり、その次のRの初めに混乱復帰する
邸宅の木霊	50	なし	マッチ威力-1	マッチ威力-2<br>全ての耐性が脆弱になる
朴刀	50	なし	一方攻撃による被ダメージ量+3<br>反撃による与ダメージ量+5	全ての耐性が脆弱になり、脆弱5を得る<br>反撃による与ダメージ量+5
古木化	50	なし	R開始時、脆弱1と破裂保護1を得る	全ての耐性が脆弱になる<br>虚弱1と破裂保護3を得る
憎悪	50	なし	マッチ勝利時、ダメージ量増加1を得る<br>マッチ敗北時、脆弱3を得る	全ての耐性が脆弱になる<br>マッチ勝利時、ダメージ量増加2を得る<br>マッチ敗北時、脆弱4を得る
暗数	100	なし	R開始時、脆弱1を得る<br>一方攻撃時、ダメージ量+1	全ての耐性が脆弱になる<br>マッチ威力減少3を得る<br>一方攻撃時、与ダメージ量+2
優越	100	マッチ勝利時、SAN5回復	マッチ開始時、対象のSAN が自分よりも低いなら SAN4回復	行動不能<br>全ての耐性が脆弱になる<br>脆弱5を得る
苦悩	100	R開始時、SAN回復量減少5を得る	マッチ威力+1<br>R終了時、SANを5減少	行動不能<br>全ての耐性が1段階低下
充電回路逆流	100	なし	破裂状態の敵とマッチ開始時、充電3と脆弱1を得る<br>R終了時、SAN を5減少	全ての耐性が1段階低下<br>破裂状態の敵とマッチ開始時、充電3と脆弱5を得る
深い邪心	100	なし	マッチ威力-1<br>破裂状態の敵とマッチ開始時、マッチ威力+1<br>R終了時、SANを5減少	マッチ威力減少3を得る<br>全ての耐性が1段階低下<br>破裂状態の敵とマッチ開始時、マッチ威力+2
一息つく	100	なし	R開始時、呼吸が10以上なら呼吸を5消費しクイック3を得る<br>R終了時、SAN を5減少	行動不能<br>全ての耐性が1段階低下<br>呼吸が10以上なら呼吸を5消費して保護3を得る
棘	100	被ダメージ時、互いに固定ダメージ2を与える	なし	行動不能。全ての耐性が1段階低下
団結	100	R開始時、同じ所属の味方の数-3だけマッチ威力増加を得る（最大2）	R開始時、脆弱1を得る。直前に行動した味方が同じ所属ならダメージ量+1。<br>R終了時、SANを5減少	行動不能。全ての耐性が脆弱になる。<br>同じ所属の味方の数だけ脆弱を得る（最大10）
吸血の渇望	100	なし	R開始時、ダメージ量増加2を得る。出血状態の敵に攻撃的中時、HPを2回復。<br>R終了時、SANを5減少	全ての耐性が脆弱になる。<br>出血状態の敵に攻撃的中時、HPを2回復
飢え	100	なし	R開始時、束縛1とダメージ量増加2を得る。<br>R終了時、SANを5減少	行動不能。全ての耐性が脆弱になる。<br>混乱復帰時、パワー1を得る
罪責感	100	なし	R終了時、脆弱1とSAN 回復量増加2を得る	行動不能<br>全ての耐性が普通になる
虚無のくびき	100	なし	R開始時、脆弱2とパワー1を得る<br>R終了時、SANを5減少	行動不能<br>全ての耐性が脆弱になる<br>混乱復帰時、クイック1を得る
教団	100	なし	煙獲得量+1<br>R開始時、脆弱3と忍耐1を得る<br>R終了時、SANを5減少	全ての耐性が弱点になる<br>煙獲得量+2<br>R開始時、脆弱5と忍耐2を得る
規律	150	なし	R開始時、前のRに振動を2以上付与したなら怠惰ダメージ量増加1を得る<br>前のRに火傷を2以上付与したなら憤怒ダメージ量増加1を得る<br>どちらも2以上付与していなければ脆弱3を得る<br>R終了時、SANを5減少	全ての耐性が脆弱になる<br>前のRに振動を5以上付与したなら怠惰ダメージ量増加2を得る<br>前のRに火傷を5以上付与したなら憤怒ダメージ量増加2を得る<br>どちらも5以上付与していなければ行動不能
勇気	200	なし	R開始時、ダメージ量増加2を得る	全ての耐性が脆弱になる<br>混乱復帰時、パワー1を得て1Rの間[敵識別不可状態]になる
慎重	200	なし	R開始時、自分以外の味方の SAN を4回復	全ての耐性が脆弱になる<br>混乱復帰時、行動不能になり、SANの最大値を1.5倍増加させる（最大1回）
自制	200	なし	マッチ威力+1	全ての耐性が脆弱になる<br>混乱復帰時、SANダメージ量増加2を得て、全てのキャラクターに8のSANダメージを与える
正義	200	なし	R開始時、クイック1を得る	全ての耐性が脆弱になる<br>混乱終了時、次の R にクイック3を得て、耐性の内、普通が1Rの間抵抗になる
真っ直ぐ立てる意志	1000	常時発動：速度d値+1。本来の速度ダイスのd値が2なら代わりに速度d数+1	スキル使用時、自分の攻撃スキルの攻撃属性が斬撃・貫通・打撃のいずれかにランダムに変更される<br>R終了時、SAN5減少	全ての耐性が1段階低下<br>スキル使用時、自分の攻撃スキルの攻撃属性が斬撃・貫通・打撃のいずれかにランダムに変更される
分別できる理性	1000	獲得する自我の欠片が25％増加（最大20）	戦術選択ダイスロールが1b4になり、敵が自分以外の味方をターゲティング可能なら、自分がメインターゲットに指定されなくなる<br>この際自分の挑発値の効果を無効化する<br>R終了時、SAN5減少	全ての耐性が1段階低下<br>戦術選択ダイ スロールが1d4になり、敵が自分以外の味方をターゲティング可能なら、自分がメインターゲットに指定されなくなる<br>この際自分の挑発値の効果は無効化する
快撃	100	なし	ダイスを再使用したなら、攻撃後に対象に破裂2を付与<br>ダイスを再使用していないなら、攻撃後次のRに束縛2を得る。<br>R終了時にSAN5減少	SP<br>全ての耐性が1段階低下<br>ダイスを再使用したなら、攻撃後に対象に破裂3を付与<br>ダイスを再使用していないなら攻撃後、脆弱10を得る
潜撃	100	なし	クリティカル的中時、破裂爆発ダメージ量+3<br>クリティカル失敗時、次のRにマッチ威力減少1を得る	SP<br>全ての耐性が1段階低下<br>クリティカル的中時、破裂爆発ダメージ量+5<br>クリティカル失敗時、次のRにマッチ威力減少3を得る
指令崩壊の危機	100	なし	指令対象への与ダメージ量+2<br>指令対象でない対象からの被ダメージ量+2	SP<br>全ての耐性が1段階低下<br>指令対象への与ダメージ量+3<br>指令対象でない対象からの被ダメージ量+5
狂奔	100	なし	R開始時、脆弱2を得て、前のRで受けたダメージ15ごとにダメージ量増加1を得る（最大3）	SP<br>全ての耐性が2段階低下<br>R開始時、パワー1・脆弱5を得て、前のRで受けたダメージ20ごとにダメージ量増加1を得る（最大3）
時代遅れの芸術	100	常時発動：R開始時にHPが5減少。マッチ威力増加1を得る	R開始時、マッチ威力減少3を得る。	SP<br>全ての耐性が2段階低下<br>R開始時、マッチ威力減少3を得る
もっといい存在に成れるという希望	1000	常時発動：HP・SAN最大値+15	虚弱1を得る。R終了時、SAN5減少	SP<br>全ての耐性が脆弱になる<br>自分のHP・SAN 最大値-10（戦闘終了後に元に戻る。最大50）
生き続けるという勇気	1000	常時発動：R開始時、HPとSANを4回復	あらゆる回復効果を受けず、両隣の味方にHP回復量減少3を付与。R終了時、SAN5減少	SP<br>全ての耐性が脆弱になる<br>忍耐1を得る。あらゆる回復効果を受けず、両隣の味方にHP回復量減少5を付与
存在意味に対する期待	1000	常時発動：固定ダメージで受けるダメージ量-50%	R終了時、全ての味方に固定ダメージ8を与える	全ての耐性が脆弱になる<br>R終了時、全ての味方に固定ダメージ12を与える
破砕痕	50	なし	マッチ威力-1。脆弱3を得る	マッチ威力-1<br>全ての耐性が脆弱になる<br>沈潜と破裂で受けるダメージ量+50%
孤独	50	なし	R開始時、沈潜3を得る	全ての耐性が脆弱になる<br>R開始時、沈潜5を得る
青い砂	50	なし	速度d値-1<br>本来の速度ダイスのd値が2なら代わりに速度d数-1	全ての耐性が脆弱になる<br>速度d値-2<br>本来の速度ダイスのd値が2なら代わりに速度d数-2
眩惑	50	なし	R終了時、次のRに束縛1とダメージ量減少2を得る	全ての耐性が1段階低下<br>R終了時、次のRに束縛1とダメージ量減少3を得る
