名称	値段	単位	分類	概要	出展
黒雲会組員の人格	200	LP	identity	-	ルールブック
黒雲会若衆の人格	200	LP	identity	-	ルールブック
剣契殺手 A の人格	200	LP	identity	-	ルールブック
剣契殺手 B の人格	200	LP	identity	-	ルールブック
南部親指ソルダート II の人格	200	LP	identity	-	ルールブック
東部親指ソルダート II の人格	200	LP	identity	-	ルールブック
人差し指遂行者：【紙片】の人格	200	LP	identity	-	ルールブック
中指末弟・末妹の人格	200	LP	identity	-	ルールブック
薬指点描派 スチューデントの人格	200	LP	identity	-	ルールブック
カジノ警備員の人格	200	LP	identity	-	ルールブック
ぽんぽん派 構成員の人格	200	LP	identity	-	ルールブック
マリアッチ構成員の人格	200	LP	identity	-	ルールブック
鉄工会組織員の人格	200	LP	identity	-	ルールブック
双鉤海賊団 組員の人格	200	LP	identity	-	ルールブック
ピークォド号航海士の人格	200	LP	identity	-	ルールブック
デッドラビッツ 構成員の人格	200	LP	identity	-	ルールブック
20区ユロージヴィ団員の人格	200	LP	identity	-	ルールブック
笑う顔たちの人格	200	LP	identity	-	ルールブック
南部ツヴァイ協会 6課フィクサーの人格	200	LP	identity	-	ルールブック
南部ツヴァイ協会 5課フィクサーの人格	200	LP	identity	-	ルールブック
南部ツヴァイ協会 4課フィクサーの人格	200	LP	identity	-	ルールブック
西部ツヴァイ協会 3課フィクサーの人格	200	LP	identity	-	ルールブック
南部シ協会 6課フィクサーの人格	200	LP	identity	-	ルールブック
南部シ協会 5課フィクサーの人格	200	LP	identity	-	ルールブック
南部センク協会 5課フィクサーの人格	200	LP	identity	-	ルールブック
西部センク協会 3課フィクサーの人格	200	LP	identity	-	ルールブック
東部センク協会 3課フィクサーの人格	200	LP	identity	-	ルールブック
南部リウ協会 6課フィクサーの人格	200	LP	identity	-	ルールブック
南部リウ協会 5課フィクサーの人格	200	LP	identity	-	ルールブック
南部リウ協会 4課フィクサーの人格	200	LP	identity	-	ルールブック
南部セブン協会 6課フィクサーの人格	200	LP	identity	-	ルールブック
南部セブン協会 5課フィクサーの人格	200	LP	identity	-	ルールブック
南部セブン協会 4課フィクサーの人格	200	LP	identity	-	ルールブック
北部ヂェーヴィチ協会 4課フィクサーの人格	200	LP	identity	-	ルールブック
南部ディエーチ協会 4課フィクサーの人格	200	LP	identity	-	ルールブック
南部ウーフィ協会 4課フィクサーの人格	200	LP	identity	-	ルールブック
バラのスパナ工房 A の人格	200	LP	identity	-	ルールブック
バラのスパナ工房 B の人格	200	LP	identity	-	ルールブック
ロジック・アトリエ所属フィクサーの人格	200	LP	identity	-	ルールブック
ワザリングハイツバトラーの人格	200	LP	identity	-	ルールブック
エドガー家バトラーの人格	200	LP	identity	-	ルールブック
マルチクラック事務所フィクサーの人格	200	LP	identity	-	ルールブック
牙狩事務所フィクサーの人格	200	LP	identity	-	ルールブック
炎拳事務所フィクサーの人格	200	LP	identity	-	ルールブック
鈎事務所フィクサーの人格	200	LP	identity	-	ルールブック
旧 G社兵士の人格	200	LP	identity	-	ルールブック
旧 G社部長の人格	200	LP	identity	-	ルールブック
黒獣-卯の人格	200	LP	identity	-	ルールブック
黒獣-巳の人格	200	LP	identity	-	ルールブック
黒獣-午の人格	200	LP	identity	-	ルールブック
黒獣-酉の人格	200	LP	identity	-	ルールブック
シー家私兵の人格	200	LP	identity	-	ルールブック
シュエ家私兵の人格	200	LP	identity	-	ルールブック
ワン家呪殺僧の人格	200	LP	identity	-	ルールブック
K社 3級職員の人格	200	LP	identity	-	ルールブック
LCCB係長 A の人格	200	LP	identity	-	ルールブック
LCCB係長 B の人格	200	LP	identity	-	ルールブック
LCCB係長 C の人格	200	LP	identity	-	ルールブック
N社大鎚の人格	200	LP	identity	-	ルールブック
N社中鎚の人格	200	LP	identity	-	ルールブック
N社小鎚の人格	200	LP	identity	-	ルールブック
R社第四群ウサギチームの人格	200	LP	identity	-	ルールブック
R社第四群トナカイチームの人格	200	LP	identity	-	ルールブック
R社第四群サイチームの人格	200	LP	identity	-	ルールブック
T社3級徴収職員の人格	200	LP	identity	-	ルールブック
T社 2級徴収職職員の人格	200	LP	identity	-	ルールブック
W社 2級整理要員の人格	200	LP	identity	-	ルールブック
W社 3級整理要員の人格	200	LP	identity	-	ルールブック
ロボトミーE.G.O:狐雨の人格	200	LP	identity	-	ルールブック
ロボトミーE.G.O:紅籍の人格	200	LP	identity	-	ルールブック
ロボトミーE.G.O:たぷつきの人格	200	LP	identity	-	ルールブック
ロボトミーE.G.O:提灯の人格	200	LP	identity	-	ルールブック
ロボトミーE.G.O:後悔の人格	200	LP	identity	-	ルールブック
ロボトミーE.G.O:魔弾の人格	200	LP	identity	-	ルールブック
ロボトミーE.G.O:厳粛な哀悼の人格	200	LP	identity	-	ルールブック
ロボトミーE.G.O:涙で研ぎ澄まされた剣の人格	200	LP	identity	-	ルールブック
ロボトミーE.G.O:愛と憎悪の名の下にの人格	200	LP	identity	-	ルールブック
LCE E.G.O:提灯の人格	200	LP	identity	-	ルールブック
LCE E.G.O:紅炎殺の人格	200	LP	identity	-	ルールブック
N社 E.G.O:ねばつきの人格	200	LP	identity	-	ルールブック
N社 E.G.O:凶弾の人格	200	LP	identity	-	ルールブック
N社 E.G.O:軽蔑、畏敬の人格	200	LP	identity	-	ルールブック
群れたハイエナの人格	200	LP	identity	-	ルールブック
ニトロ研究所研究員の人格	200	LP	identity	-	ルールブック
白蓮 3流清掃員の人格	200	LP	identity	-	ルールブック
白蓮 2流清掃員の人格	200	LP	identity	-	ルールブック
鉄腕兄弟構成員の人格	200	LP	identity	-	ルールブック
湯の花運送会社員の人格	200	LP	identity	-	ルールブック
ストレングス 処刑者の人格	200	LP	identity	-	ルールブック
棒派構成員の人格	200	LP	identity	-	ルールブック
ガラスの靴団団員の人格	200	LP	identity	-	ルールブック
ヴィリーブ工房フィクサーAの人格	200	LP	identity	-	ルールブック
ヴィリーブ工房フィクサーBの人格	200	LP	identity	-	ルールブック
ジャーマ工房フィクサーの人格	200	LP	identity	-	ルールブック
第四銀工房銃鎚派フィクサーの人格	200	LP	identity	-	ルールブック
第四銀工房太刀派フィクサーの人格	200	LP	identity	-	ルールブック
第四銀工房弓派フィクサーの人格	200	LP	identity	-	ルールブック
第四銀工房輪刃派フィクサーの人格	200	LP	identity	-	ルールブック
メリアニア工房フィクサーの人格	200	LP	identity	-	ルールブック
メメメメメ工房フィクサーの人格	200	LP	identity	-	ルールブック
ダンダダダダ工房所属フィクサーの人格	200	LP	identity	-	ルールブック
針金工房フィクサーの人格	200	LP	identity	-	ルールブック
ボルトット工房フィクサーの人格	200	LP	identity	-	ルールブック
マッチロック工房フィクサーの人格	200	LP	identity	-	ルールブック
美味しいですねカルボナーラ工房フィクサーの人格	200	LP	identity	-	ルールブック
笛吹きの音楽隊の人格	200	LP	identity	-	ルールブック
ディアマン・ノワール構成員の人格	200	LP	identity	-	ルールブック
ク事務所フィクサーの人格	200	LP	identity	-	ルールブック
鬼門事務所フィクサーの人格	200	LP	identity	-	ルールブック
触腕事務所フィクサーの人格	200	LP	identity	-	ルールブック
黒雲会 若衆Bの人格	200	LP	identity	-	追加パック1
黒雲会 若衆Cの人格	200	LP	identity	-	追加パック1
双鉤海賊団 組員Bの人格	200	LP	identity	-	追加パック1
双鉤海賊団 組員Cの人格	200	LP	identity	-	追加パック1
仕立屋 謝肉祭の人格	200	LP	identity	-	追加パック1
鉄の兄弟の人格	200	LP	identity	-	追加パック1
歯車の教団信者の人格	200	LP	identity	-	追加パック1
中指 末弟・末妹Bの人格	200	LP	identity	-	追加パック1
中指 長弟・長妹の人格	200	LP	identity	-	追加パック1
薬指 点描派 スチューデントBの人格	200	LP	identity	-	追加パック1
薬指 野獣派スチューデントAの人格	200	LP	identity	-	追加パック1
薬指 野獣派スチューデントBの人格	200	LP	identity	-	追加パック1
東部シ協会3課フィクサーの人格	200	LP	identity	-	追加パック1
南部センク協会4課フィクサーの人格	200	LP	identity	-	追加パック1
東部センク協会3課フィクサーBの人格	200	LP	identity	-	追加パック1
南部リウ協会3課フィクサーの人格	200	LP	identity	-	追加パック1
南部ディエーチ協会4課Bの人格	200	LP	identity	-	追加パック1
ホイールズ・インダストリー所属フィクサーの人格	200	LP	identity	-	追加パック1
定事務所フィクサーの人格	200	LP	identity	-	追加パック1
黒獣-未の人格	200	LP	identity	-	追加パック1
ロボトミーE.G.O::懺悔の人格	200	LP	identity	-	追加パック1
ロボトミーE.G.O::赤眼の人格	200	LP	identity	-	追加パック1
ロボトミーE.G.O::寂しさの人格	200	LP	identity	-	追加パック1
ロボトミーE.G.O::残香の人格	200	LP	identity	-	追加パック1
ロボトミーE.G.O::ホーネット【変調】の人格	200	LP	identity	-	追加パック1
LCE E.G.O::AEDDの人格	200	LP	identity	-	追加パック1
LCE E.G.O::次元裂きの人格	200	LP	identity	-	追加パック1
S社チュノックンAの人格	200	LP	identity	-	追加パック1
S社チュノックンBの人格	200	LP	identity	-	追加パック1
W社3級整理要員Bの人格	200	LP	identity	-	追加パック1
W社3級整理要員Cの人格	200	LP	identity	-	追加パック1
W社2級整理要員Bの人格	200	LP	identity	-	追加パック1
送刃事務所フィクサー二対の人格	200	LP	identity	-	追加パック1
スプラッタールーム　B級殺人鬼の人格	200	LP	identity	-	追加パック1
命脈相談窓口　受話器の人格	200	LP	identity	-	追加パック1
魑魅魍魎：舌切り雀	50	欠片	ego	憤怒 x1 嫉妬 x3	ルールブック
黄金の卵：ガチョウ	50	欠片	ego	怠惰 x5	ルールブック
懺悔：たった一つの罪と何百もの善	150	欠片	ego	怠惰 x5 傲慢 x3	ルールブック
低いなきごえ：泣きヒキガエル	50	欠片	ego	怠惰 x2 憂鬱 x1	ルールブック
Changer MK3：なんでも変えて差し上げます	50	欠片	ego	憤怒 x2 怠惰 x2 暴食 x4	ルールブック
喪失：欲張りなきこり	50	欠片	ego	暴食 x4 嫉妬 x1	ルールブック
まやかし：黄金色の林檎	50	欠片	ego	怠惰 x1 暴食 x4	ルールブック
蝍蛆殺：百足の使徒	50	欠片	ego	怠惰 x2 傲慢 x2	ルールブック
響き：マンドレイクの棺	50	欠片	ego	色欲 x1 傲慢 x4	ルールブック
ソーダ：蓋の空いたウェルチアース	50	欠片	ego	憂鬱 x2 嫉妬 x1	ルールブック
赤く染まった羽：鶴の恩返し	50	欠片	ego	憤怒 x3 怠惰 x1	ルールブック
幸福：あなたは幸せでなければならない	50	欠片	ego	憤怒 x2 憂鬱 x2	ルールブック
鬼退治：血迷った鬼殺し	75	欠片	ego	憤怒 x3 嫉妬 x3	ルールブック
殺害救済：首吊り風船	75	欠片	ego	憤怒 x2 嫉妬 x4	ルールブック
後悔：捨てられた殺人鬼	75	欠片	ego	憤怒 x3 傲慢 x2	ルールブック
迫りくる日：終末カレンダー	75	欠片	ego	憤怒 x3 色欲 x2	ルールブック
火柱：無数の生贄	75	欠片	ego	憤怒 x3 色欲 x3	ルールブック
一生シチュー：バジリスープク	75	欠片	ego	色欲 x5	ルールブック
超美味！：タッキーマン	75	欠片	ego	憤怒 x4	ルールブック
赤眼：母なる蜘蛛	75	欠片	ego	色欲 x2 暴食 x2	ルールブック
ねばつき：足長妖精	75	欠片	ego	色欲 x3 傲慢 x2	ルールブック
桃色の欲望：桃色の靴	75	欠片	ego	憤怒 x1 色欲 x4	ルールブック
にやつき：笑うチェシャ猫	75	欠片	ego	憤怒 x1 怠惰 x5	ルールブック
願いの石：塔右饒	75	欠片	ego	怠惰 x2 暴食 x1 憂鬱 x1	ルールブック
まさかり：山の家臣	75	欠片	ego	怠惰 x3 暴食 x3	ルールブック
ショコラカタブラ：ヘンゼルとグレーテル	75	欠片	ego	憤怒 x1 色欲 x1 怠惰 x1 暴食 x1 憂鬱 x1 傲慢 x1 嫉妬 x1	ルールブック
たぷつき：妖精紳士	75	欠片	ego	色欲 x2 暴食 x3	ルールブック
氷の脚：バーバヤーガ	75	欠片	ego	憂鬱 x4 嫉妬 x2	ルールブック
投げ縄：薔薇の狩人	75	欠片	ego	色欲 x1 暴食 x4 傲慢 x1	ルールブック
過ぎし日：在りし日の肖像	75	欠片	ego	怠惰 x3 憂鬱 x3	ルールブック
びりびりどっかん：電球クラゲ	75	欠片	ego	憂鬱 x3 嫉妬 x2	ルールブック
メラメラ燃えた羽：蒼羽蝶	75	欠片	ego	憂鬱 x4	ルールブック
彼方の欠片：宇宙の欠片	75	欠片	ego	色欲 x1 怠惰 x1 傲慢 x1 嫉妬 x1	ルールブック
凶弾：凶弾の射手	75	欠片	ego	憤怒 x1 傲慢 x3 嫉妬 x2	ルールブック
蓬萊：年老いた釣り人	75	欠片	ego	憂鬱 x3 傲慢 x3	ルールブック
電気哀鳴：夢見る電気羊	75	欠片	ego	憤怒 x1 嫉妬 x3	ルールブック
ネジの外れた一撃：お前ぶたれたい？しこたま？	75	欠片	ego	憤怒 x1 傲慢 x3	ルールブック
呪いの釘：痛がるテディ	75	欠片	ego	嫉妬 x6	ルールブック
ノイズ：1.76 MHz	75	欠片	ego	憤怒 x2 怠惰 x1 嫉妬 x3	ルールブック
4本目のマッチの火：マッチガール	125	欠片	ego	憤怒 x3 色欲 x1 怠惰 x1	ルールブック
カポーテ：真鍮の雄牛	125	欠片	ego	憤怒 x3 色欲 x3	ルールブック
紅炎殺：紅炎蛾	125	欠片	ego	憤怒 x5 怠惰 x1	ルールブック
ハーモニー：歌う機械	125	欠片	ego	憤怒 x3 暴食 x3 傲慢 x2	ルールブック
9章 2節：皮膚の予言者	125	欠片	ego	憤怒 x2 色欲 x5	ルールブック
Laetitia：レティシア	125	欠片	ego	色欲 x4 嫉妬 x4	ルールブック
偏った慣性：ゼンマイ装置時間起き上がりこぼし	125	欠片	ego	怠惰 x2 憂鬱 x1 傲慢 x2 嫉妬 x2	ルールブック
瓦礫：石像のマリア	125	欠片	ego	怠惰 x5 憂鬱 x1	ルールブック
狐雨：さすらいの狐	125	欠片	ego	怠惰 x2 暴食 x1 憂鬱 x2 傲慢 x1	ルールブック
クリスマスの悪夢：心地よいベッド	125	欠片	ego	怠惰 x4 暴食 x1 傲慢 x2	ルールブック
紅籍：誰も泣かぬように	125	欠片	ego	色欲 x2 暴食 x1 憂鬱 x2	ルールブック
執行：天の執行官の補佐	125	欠片	ego	怠惰 x4 傲慢 x3	ルールブック
ヘデイク：煙造人間	125	欠片	ego	憤怒 x3 怠惰 x1 傲慢 x2	ルールブック
気配り：茶会で歌う帽子屋	125	欠片	ego	憤怒 x2 暴食 x5 嫉妬 x1	ルールブック
黒い枝：黒檀女王の林檎	125	欠片	ego	暴食 x4 傲慢 x2	ルールブック
提灯：妖精提灯	125	欠片	ego	暴食 x4 傲慢 x2	ルールブック
作り物の翼：木製の天使	125	欠片	ego	暴食 x4 憂鬱 x4	ルールブック
ホリデイ：サンドルフ	125	欠片	ego	色欲 x2 怠惰 x1 憂鬱 x3	ルールブック
沸き立つ腐食：歩く真珠	125	欠片	ego	暴食 x5 憂鬱 x1	ルールブック
厳粛な哀悼：死んだ蝶たちの葬儀	125	欠片	ego	色欲 x1 怠惰 x2 憂鬱 x2 嫉妬 x2	ルールブック
視線：シャーデンフロイデ	125	欠片	ego	憂鬱 x6	ルールブック
水袋：断首魚	125	欠片	ego	憂鬱 x4 嫉妬 x2	ルールブック
AEDD：衝撃ムカデ	125	欠片	ego	暴食 x1 憂鬱 x2 嫉妬 x2	ルールブック
監視画面：累積記録の子供たち	125	欠片	ego	憤怒 x2 傲慢 x3 嫉妬 x3	ルールブック
胸痛：過ぎ去りし日の寝袋	125	欠片	ego	憤怒 x1 色欲 x1 傲慢 x5	ルールブック
次元裂き：道を失った乗客	125	欠片	ego	暴食 x3 傲慢 x2	ルールブック
魔法の消失：かぼちゃの馬車	125	欠片	ego	怠惰 x1 暴食 x3 傲慢 x1 嫉妬 x1	ルールブック
魔法の弾丸：魔弾の射手	125	欠片	ego	憤怒 x1 傲慢 x5 嫉妬 x2	ルールブック
旋律：奏で続けるヴァイオリニスト	125	欠片	ego	憤怒 x3 憂鬱 x2 嫉妬 x3	ルールブック
朽ちた庭園：美を追求した庭師	125	欠片	ego	暴食 x3 憂鬱 x2	ルールブック
紅い傷跡：赤い頭巾の傭兵	250	欠片	ego	憤怒 x3 傲慢 x3 嫉妬 x3	ルールブック
指定裁判：灼熱公爵	250	欠片	ego	憤怒 x7 傲慢 x3	ルールブック
高らかな警笛：地獄への急行列車	250	欠片	ego	憤怒 x3 暴食 x2 嫉妬 x4	ルールブック
茨の花園：薔薇の表示板	250	欠片	ego	憤怒 x2 色欲 x2 怠惰 x2 暴食 x2 憂鬱 x2 傲慢 x2 嫉妬 x2	ルールブック
空即是色：我、空に至れり	250	欠片	ego	憤怒 x1 色欲 x3 怠惰 x1 嫉妬 x2	ルールブック
渇望-ミルカラ：四百輪の薔薇	250	欠片	ego	色欲 x5 暴食 x3 傲慢 x2 嫉妬 x2	ルールブック
軽蔑、畏敬：軽蔑の螺旋	250	欠片	ego	憤怒 x3 色欲 x4 傲慢 x4 嫉妬 x3	ルールブック
永続：時間アヒル	250	欠片	ego	色欲 x2 怠惰 x4 傲慢 x3 憂鬱 x2	ルールブック
ホーネット：女王蜂	250	欠片	ego	怠惰 x7 傲慢 x3	ルールブック
粉砕される過去：蒸気運搬機械	250	欠片	ego	憤怒 x2 色欲 x2 怠惰 x6 嫉妬 x1	ルールブック
汚血泣涙：応龍	250	欠片	ego	色欲 x2 暴食 x6 傲慢 x2	ルールブック
ねこかぶり：長靴をはいた猫	250	欠片	ego	色欲 x5 暴食 x5	ルールブック
悪への道：厄災の狸	250	欠片	ego	憂鬱 x4 嫉妬 x5	ルールブック
拘束：縛られた王	250	欠片	ego	憤怒 x1 色欲 x1 怠惰 x4 憂鬱 x4	ルールブック
雪原：冬の日の亡霊	250	欠片	ego	色欲 x2 憂鬱 x5 嫉妬 x1	ルールブック
ロビンソン・クルーソー：遠い遠い無人島	250	欠片	ego	暴食 x1 憂鬱 x3 傲慢 x3	ルールブック
クラウン：私を見て笑うピエロ	250	欠片	ego	色欲 x2 傲慢 x8	ルールブック
蒼い傷跡：大きくて悪くなる狼	250	欠片	ego	憤怒 x3 色欲 x3 傲慢 x4	ルールブック
粛清：復讐のウサギ	250	欠片	ego	憤怒 x7 嫉妬 x2	ルールブック
盲目：夢貪る濁流	250	欠片	ego	憤怒 x2 憂鬱 x3 傲慢 x3 嫉妬 x3	ルールブック
あの日の恐怖：怯え続ける一匹のこやぎ	250	欠片	ego	色欲 x3 嫉妬 x7	ルールブック
電信柱：路地の番犬	250	欠片	ego	憤怒 x1 憂鬱 x1 嫉妬 x5	ルールブック
他化自在天：第六天魔王	500	欠片	ego	憤怒 x7 色欲 x2 嫉妬 x3	ルールブック
ミミクリー：何もない	500	欠片	ego	憤怒 x14	ルールブック
ゴールドラッシュ：貪欲の王	500	欠片	ego	色欲 x5 怠惰 x7 暴食 x5	ルールブック
笑い：笑う死体の山	500	欠片	ego	憤怒 x7 暴食 x7	ルールブック
爛漫：堕落したアムルダード	500	欠片	ego	憤怒 x5 暴食 x7 憂鬱 x5	ルールブック
静寂：沈黙の対価	500	欠片	ego	憤怒 x5 暴食 x7	ルールブック
ダ・カーポ：静かなオーケストラ	500	欠片	ego	色欲 x2 怠惰 x4 暴食 x2 憂鬱 x7	ルールブック
結び目：縛る女王	500	欠片	ego	暴食 x2 傲慢 x7 嫉妬 x3	ルールブック
一握りの豆：ジャックのいない豆の木	500	欠片	ego	暴食 x10 傲慢 x5	ルールブック
私はチョキを出すね、そっちは？：あそんで？	100	欠片	ego	嫉妬 x3 色欲 x1	追加パック1
夕焼けの中へ：夕焼けの旅人	100	欠片	ego	色欲 x3 憤怒 x2	追加パック1
タフ：お前、ハゲだよ	150	欠片	ego	怠惰 x3 暴食 x3	追加パック1
転入届：Kqe-1j-23	100	欠片	ego	嫉妬x3 憤怒x2 暴食x1	追加パック1
羽ばたき：妖精の祭典	120	欠片	ego	暴食x3 傲慢x2 色欲x1	追加パック1
ランプ：大鳥	250	欠片	ego	怠惰x4 憂鬱x4 傲慢x2	追加パック1
血色の欲望：赤い靴	250	欠片	ego	色欲x3 傲慢x3 嫉妬x3 憤怒x1	追加パック1
愛と憎悪の名の下に：憎しみの女王	250	欠片	ego	嫉妬x6 憤怒x2 憂鬱x2 傲慢x2	追加パック1
三千大世界：羅生蝶	250	欠片	ego	憤怒x4 色欲x4 傲慢x4	追加パック1
渇き：ノスフェラトゥ	500	欠片	ego	色欲x8 暴食x4 傲慢x2 憤怒x1	追加パック1
茜色の電車：午後6時51分	100	欠片	ego	色欲x4 憂鬱x1	追加パック1
願掛け：吊られた祈願者	150	欠片	ego	色欲x3 傲慢x2 暴食x3	追加パック1
『ガリヴァー』：馬脚の旅人	250	欠片	ego	憤怒x2 憂鬱x2 傲慢x6	追加パック1
漂着遺骸：蛭児	300	欠片	ego	傲慢x6 色欲x1 暴食x3	追加パック1
胡蝶の夢：悪夢喰らいの幻想	300	欠片	ego	色欲x4 怠惰x3 憂鬱x3	追加パック1
ルサンチマン	7	LP	suppassive	嫉妬x2共鳴	ルールブック
ニヒリズム	7	LP	suppassive	憤怒x2共鳴	ルールブック
因子コード G-5	7	LP	suppassive	暴食x3保有	ルールブック
爆電	7	LP	suppassive	憤怒x3保有	ルールブック
切り裂く	7	LP	suppassive	怠惰x3共鳴	ルールブック
イデオロギー	7	LP	suppassive	憤怒x2 暴食x2 憂鬱x2保有	ルールブック
とどめを刺してやる	8	LP	suppassive	傲慢x5保有	ルールブック
弱点看破	8	LP	suppassive	色欲x2保有	ルールブック
戦闘準備	9	LP	suppassive	傲慢x3共鳴	ルールブック
裁断	9	LP	suppassive	憤怒x2共鳴	ルールブック
処断	9	LP	suppassive	嫉妬x2共鳴	ルールブック
火の粉	9	LP	suppassive	憤怒x2共鳴	ルールブック
不安を煽る	9	LP	suppassive	憂鬱x3共鳴	ルールブック
刻む	9	LP	suppassive	嫉妬x3保有	ルールブック
圧縮	9	LP	suppassive	怠惰x3保有	ルールブック
息を弾ませる	9	LP	suppassive	傲慢x3保有	ルールブック
身体をほぐす	9	LP	suppassive	なし	ルールブック
鈎	9	LP	suppassive	なし	ルールブック
寛容	10	LP	suppassive	なし	ルールブック
純潔	10	LP	suppassive	なし	ルールブック
勤勉	10	LP	suppassive	なし	ルールブック
節制	10	LP	suppassive	なし	ルールブック
爽快	10	LP	suppassive	なし	ルールブック
忠義	10	LP	suppassive	なし	ルールブック
慈愛	10	LP	suppassive	なし	ルールブック
こんなときこそ！	10	LP	suppassive	憤怒x5保有	ルールブック
慢性疲労	10	LP	suppassive	憂鬱x5保有	ルールブック
最前線へ！！	10	LP	suppassive	憤怒x5保有	ルールブック
賭博師	10	LP	suppassive	憤怒x2共鳴	ルールブック
伝火	10	LP	suppassive	嫉妬x2共鳴	ルールブック
闘争	10	LP	suppassive	嫉妬x2共鳴	ルールブック
乱射	10	LP	suppassive	なし	ルールブック
美学	10	LP	suppassive	色欲x2共鳴	ルールブック
発火	10	LP	suppassive	怠惰x3保有	ルールブック
マニュアル通り	12	LP	suppassive	暴食x2保有	ルールブック
因子コード G-7	12	LP	suppassive	嫉妬x3保有	ルールブック
錆びた鎖	12	LP	suppassive	怠惰x2共鳴	ルールブック
墓守	12	LP	suppassive	暴食x2保有	ルールブック
深呼吸	15	LP	suppassive	傲慢x2共鳴	ルールブック
屈折	15	LP	suppassive	憂鬱x4保有	ルールブック
執念	15	LP	suppassive	憂鬱x2共鳴	ルールブック
ジョギング	15	LP	suppassive	暴食x3保有	ルールブック
潜伏	15	LP	suppassive	憂鬱x3保有	ルールブック
蒸気	15	LP	suppassive	暴食x2共鳴	ルールブック
離脱指示受信	15	LP	suppassive	なし	ルールブック
思い切った判断	15	LP	suppassive	怠惰x3共鳴	ルールブック
ギャンブラー	15	LP	suppassive	嫉妬x5保有	ルールブック
制圧	15	LP	suppassive	なし	ルールブック
手品	18	LP	suppassive	なし	ルールブック
倍返しの準備	18	LP	suppassive	なし	ルールブック
過負荷 HP アンプル	18	LP	suppassive	暴食x2共鳴	ルールブック
満開	18	LP	suppassive	怠惰x3保有	ルールブック
蒼い炎	20	LP	suppassive	憂鬱x4保有	ルールブック
輝ける灯り	20	LP	suppassive	憤怒x3保有	ルールブック
逆境	20	LP	suppassive	憤怒x5保有	ルールブック
充電力場	20	LP	suppassive	憂鬱x3保有	ルールブック
充電高調	20	LP	suppassive	嫉妬x2共鳴	ルールブック
認識阻害の霧	20	LP	suppassive	色欲x3共鳴	ルールブック
切り崩し	20	LP	suppassive	憤怒x2共鳴	ルールブック
炎装甲	20	LP	suppassive	憤怒x5保有	ルールブック
圧迫止血	20	LP	suppassive	色欲x5保有	ルールブック
安息	20	LP	suppassive	傲慢x5保有	ルールブック
囲い	20	LP	suppassive	憂鬱x3共鳴	ルールブック
くどい！	20	LP	suppassive	嫉妬x3共鳴	ルールブック
肩慣らし	20	LP	suppassive	なし	ルールブック
生存戦略	20	LP	suppassive	憤怒x5保有	ルールブック
先導指揮	20	LP	suppassive	色欲x3共鳴	ルールブック
人生一発	20	LP	suppassive	怠惰x6保有	ルールブック
狂乱	20	LP	suppassive	なし	ルールブック
蟹バリズム	20	LP	suppassive	暴食x3保有	ルールブック
カタルシス	20	LP	suppassive	色欲x3保有	ルールブック
傲気	25	LP	suppassive	嫉妬x3共鳴	ルールブック
臨戦	25	LP	suppassive	なし	ルールブック
エゴイスト	25	LP	suppassive	憂鬱x4保有	ルールブック
嚥下	25	LP	suppassive	傲慢x3保有	ルールブック
荘厳	25	LP	suppassive	憂鬱x3共鳴	ルールブック
あなたの盾	30	LP	suppassive	傲慢x4 保有	ルールブック
因子コード G-10-異形発作	30	LP	suppassive	なし	ルールブック
腹式呼吸	30	LP	suppassive	なし	ルールブック
呼吸熱	30	LP	suppassive	傲慢x3保有	ルールブック
セルフネグレクト	30	LP	suppassive	憤怒x2共鳴	ルールブック
即席料理	30	LP	suppassive	憤怒x3保有	ルールブック
高貴な決闘	30	LP	suppassive	傲慢x3共鳴	ルールブック
考えの歯車	30	LP	suppassive	なし	ルールブック
刹那	30	LP	suppassive	嫉妬x5保有	ルールブック
落雷	30	LP	suppassive	なし	ルールブック
自戒	30	LP	suppassive	憤怒x2共鳴	ルールブック
手掛かり繋ぎ	30	LP	suppassive	暴食x4保有	ルールブック
傘で払う	30	LP	suppassive	嫉妬x5保有	ルールブック
プラス電力発電装置	35	LP	suppassive	怠惰x3保有	ルールブック
爆熱	35	LP	suppassive	憤怒x2共鳴	ルールブック
完璧な戦術	35	LP	suppassive	傲慢x5保有	ルールブック
丁か半か	35	LP	suppassive	憂鬱x2保有	ルールブック
燃え盛る勇気	35	LP	suppassive	憤怒x3共鳴	ルールブック
釘と金槌	35	LP	suppassive	憤怒x2 色欲x2保有	ルールブック
多重圧	35	LP	suppassive	怠惰x2共鳴	ルールブック
ぐらつく波動	35	LP	suppassive	怠惰x4保有	ルールブック
シバグリ	35	LP	suppassive	暴食x2共鳴	ルールブック
残る傷跡	35	LP	suppassive	暴食x4共鳴	ルールブック
壊す外力	35	LP	suppassive	暴食x5保有	ルールブック
咲き出る血	35	LP	suppassive	傲慢x3保有	ルールブック
シガレットケース	35	LP	suppassive	色欲x3共鳴	ルールブック
解体補助電流	35	LP	suppassive	なし	ルールブック
機動訓練	35	LP	suppassive	怠惰x4保有	ルールブック
打ち返し	35	LP	suppassive	傲慢x3保有	ルールブック
テンポ	35	LP	suppassive	色欲x5保有	ルールブック
剃刀	35	LP	suppassive	色欲x2共鳴	ルールブック
地震	35	LP	suppassive	怠惰x2共鳴	ルールブック
破撃	35	LP	suppassive	暴食x2共鳴	ルールブック
堕落	35	LP	suppassive	憂鬱x2共鳴	ルールブック
疾患	35	LP	suppassive	傲慢x2共鳴	ルールブック
貧弱	35	LP	suppassive	嫉妬x2共鳴	ルールブック
不屈	40	LP	suppassive	嫉妬x4	ルールブック
食いしばる	40	LP	suppassive	暴食x4	ルールブック
湧き上がる憤怒	40	LP	suppassive	憤怒x3共鳴	ルールブック
傷だらけの色欲	40	LP	suppassive	色欲x3共鳴	ルールブック
空回りの怠惰	40	LP	suppassive	怠惰x3共鳴	ルールブック
続く暴食	40	LP	suppassive	暴食x3共鳴	ルールブック
広がる憂鬱	40	LP	suppassive	憂鬱x3共鳴	ルールブック
吐き出す傲慢	40	LP	suppassive	傲慢x3共鳴	ルールブック
永遠の嫉妬	40	LP	suppassive	嫉妬x3共鳴	ルールブック
トラバサミ	40	LP	suppassive	なし	ルールブック
震度計	40	LP	suppassive	なし	ルールブック
観察	40	LP	suppassive	怠惰x2共鳴	ルールブック
血液硬化	40	LP	suppassive	色欲x2共鳴	ルールブック
血の乾き	40	LP	suppassive	色欲x3保有	ルールブック
緊急止血	40	LP	suppassive	なし	ルールブック
エゴイズム	40	LP	suppassive	憤怒x1 色欲x1 怠惰x1 暴食x1 憂鬱x1 傲慢x1 嫉妬x1保有	ルールブック
アンブッシュ	40	LP	suppassive	暴食x2共鳴	ルールブック
アンチテーゼ	40	LP	suppassive	嫉妬x2共鳴	ルールブック
追火	40	LP	suppassive	憤怒x2共鳴	ルールブック
沈水	40	LP	suppassive	憂鬱x2共鳴	ルールブック
黒雲剣法	100	LP	suppassive	憤怒x3 色欲x3保有	ルールブック
肉斬骨断	100	LP	suppassive	傲慢x3 嫉妬x3保有	ルールブック
冷静	100	LP	suppassive	傲慢x4共鳴	ルールブック
一撃	100	LP	suppassive	憤怒x6保有	ルールブック
剣舞	100	LP	suppassive	暴食x6保有	ルールブック
激情	100	LP	suppassive	憤怒x4保有	ルールブック
血に濡れた手	100	LP	suppassive	嫉妬x2共鳴	ルールブック
情報分析	100	LP	suppassive	暴食x3 傲慢x3保有	ルールブック
活火激発	100	LP	suppassive	憤怒x3 色欲x3保有	ルールブック
危機一髪	100	LP	suppassive	憂鬱x5保有	ルールブック
沈着	100	LP	suppassive	傲慢x4保有	ルールブック
もくもく	100	LP	suppassive	なし	ルールブック
ものすごいハゲ	100	LP	suppassive	なし	ルールブック
アレ	100	LP	suppassive	傲慢x3 暴食x3保有	ルールブック
激風	100	LP	suppassive	憤怒x2共鳴	ルールブック
守護者	100	LP	suppassive	憂鬱x3共鳴	ルールブック
臨戦無退	100	LP	suppassive	なし	ルールブック
安如泰山	100	LP	suppassive	なし	ルールブック
安不忘危	100	LP	suppassive	なし	ルールブック
迅速配達員	100	LP	suppassive	暴食x3保有	ルールブック
知識探求	100	LP	suppassive	怠惰x3保有	ルールブック
契約執行妨害	100	LP	suppassive	嫉妬x5保有	ルールブック
因子コード G-0	100	LP	suppassive	暴食x5保有	ルールブック
緊急アンプル投薬	100	LP	suppassive	暴食x5保有	ルールブック
RRR スーツ	100	LP	suppassive	憤怒x5保有	ルールブック
時間徴収	100	LP	suppassive	怠惰x3共鳴	ルールブック
Warp 次元式サーボモーター	100	LP	suppassive	憂鬱x3 嫉妬x3保有	ルールブック
神風特攻	100	LP	suppassive	憤怒x3共鳴	ルールブック
斑強化刺青	100	LP	suppassive	嫉妬x3共鳴	ルールブック
爆発的発電	100	LP	suppassive	怠惰x3共鳴	ルールブック
白く染まれ	100	LP	suppassive	憤怒x2 憂鬱x2 暴食x2保有	ルールブック
銛穿ち	100	LP	suppassive	傲慢x3共鳴	ルールブック
一発一発が名勝負	100	LP	suppassive	憤怒x3保有	ルールブック
E.G.O 同化	100	LP	suppassive	憤怒x3 嫉妬x3 傲慢x3保有	ルールブック
即決審判	100	LP	suppassive	嫉妬x5 暴食x5保有	ルールブック
指令通達	100	LP	suppassive	怠惰x2 嫉妬x2 憂鬱x2保有	ルールブック
お返し	100	LP	suppassive	嫉妬x5 憤怒x5保有	ルールブック
適血の彩色	100	LP	suppassive	色欲x5 怠惰x5保有	ルールブック
コインの両面	100	LP	suppassive	色欲x3共鳴	ルールブック
遊興	100	LP	suppassive	憂鬱x3共鳴	ルールブック
秘蔵の武器	100	LP	suppassive	憂鬱x3保有	ルールブック
怨念蓄積	100	LP	suppassive	嫉妬x5保有	ルールブック
アイアン・メイデン	100	LP	suppassive	憤怒x5保有	ルールブック
ド根性	100	LP	suppassive	憤怒x5保有	ルールブック
紅色に輝く	100	LP	suppassive	傲慢x5保有	ルールブック
空式螺子	100	LP	suppassive	怠惰x3保有	ルールブック
弾丸黒疾	100	LP	suppassive	傲慢x3共鳴	ルールブック
銘柄:Velieve	100	LP	suppassive	色欲x4保有	ルールブック
スパナ稼働	100	LP	suppassive	怠惰x3 憂鬱x3保有	ルールブック
高危険作戦	100	LP	suppassive	色欲x2 嫉妬x2 憂鬱x2保有	ルールブック
業火	100	LP	suppassive	憤怒x3共鳴	ルールブック
魅惑	100	LP	suppassive	色欲x3共鳴	ルールブック
惰性	100	LP	suppassive	怠惰x3共鳴	ルールブック
欲望	100	LP	suppassive	暴食x3共鳴	ルールブック
蚕食	100	LP	suppassive	憂鬱x3共鳴	ルールブック
驕慢	100	LP	suppassive	傲慢x3共鳴	ルールブック
摩擦	100	LP	suppassive	嫉妬x3共鳴	ルールブック
火旺の節	100	LP	suppassive	憤怒x5保有	ルールブック
屍山血海	100	LP	suppassive	色欲x5保有	ルールブック
異常震域	100	LP	suppassive	怠惰x5保有	ルールブック
破竹の勢い	100	LP	suppassive	暴食x5保有	ルールブック
沈む疼き	100	LP	suppassive	憂鬱x5保有	ルールブック
循環呼吸	100	LP	suppassive	傲慢x5保有	ルールブック
霹靂閃電	100	LP	suppassive	嫉妬x5保有	ルールブック
切り伏せる斬撃	150	LP	suppassive	なし	ルールブック
刺し貫く貫通	150	LP	suppassive	なし	ルールブック
壊し砕く打撃	150	LP	suppassive	なし	ルールブック
鎮魂	1000	LP	suppassive	なし	ルールブック
血の霧	1000	LP	suppassive	なし	ルールブック
連成振動	1000	LP	suppassive	なし	ルールブック
恍惚鏡	1000	LP	suppassive	なし	ルールブック
黒い楽譜	1000	LP	suppassive	なし	ルールブック
福袋	1000	LP	suppassive	なし	ルールブック
第 1 種永久機関	1000	LP	suppassive	なし	ルールブック
覚悟	50	欠片	suppassive	憤怒x2保有	ルールブック
遊戯	50	欠片	suppassive	怠惰x4保有	ルールブック
因子コード G-3	50	欠片	suppassive	暴食x4保有	ルールブック
分析	50	欠片	suppassive	傲慢x2共鳴	ルールブック
支持	50	欠片	suppassive	色欲x2共鳴	ルールブック
折られた心	50	欠片	suppassive	憂鬱x3共鳴	ルールブック
黙々	50	欠片	suppassive	嫉妬x3保有	ルールブック
指定保護	50	欠片	suppassive	憤怒x3共鳴	ルールブック
出力改造	50	欠片	suppassive	怠惰x3保有	ルールブック
決め手	50	欠片	suppassive	暴食x5保有	ルールブック
死亡確認射撃	50	欠片	suppassive	傲慢x4保有	ルールブック
切り込み隊長	50	欠片	suppassive	色欲x2共鳴	ルールブック
知識伝道	50	欠片	suppassive	憂鬱x3保有	ルールブック
頭にくる	50	欠片	suppassive	嫉妬x5保有	ルールブック
沸き立つ熱量	50	欠片	suppassive	憤怒x3保有	ルールブック
来たる日が為の訓練	50	欠片	suppassive	憂鬱x4保有	ルールブック
本能	500	欠片	suppassive	憤怒x3共鳴	ルールブック
洞察	500	欠片	suppassive	怠惰x3共鳴	ルールブック
愛着	500	欠片	suppassive	嫉妬x5保有	ルールブック
抑圧	500	欠片	suppassive	傲慢x5保有	ルールブック
義体粛清	30	LP	suppassive	憤怒x2保有	サプリ
痙攣	30	LP	suppassive	怠惰x2共鳴	サプリ
オーダーメイド	30	LP	suppassive	傲慢x2保有	サプリ
鹵獲	30	LP	suppassive	怠惰x5保有	サプリ
スライディング狙撃	30	LP	suppassive	なし	サプリ
癒合	30	LP	suppassive	なし	サプリ
ラッキーガイ	30	LP	suppassive	傲慢x2 怠惰x2保有	サプリ
脳震盪	30	LP	suppassive	怠惰x3共鳴	サプリ
剣先で測る	50	LP	suppassive	憂鬱x2保有	サプリ
解体屋	50	LP	suppassive	憤怒x2共鳴	サプリ
盗塁王	50	LP	suppassive	嫉妬x3保有	サプリ
平和交渉	50	LP	suppassive	暴食x3保有	サプリ
戦場カメラマン	50	LP	suppassive	憂鬱x2共鳴	サプリ
番人	50	LP	suppassive	傲慢x2共鳴	サプリ
逆極性	50	LP	suppassive	嫉妬x3保有	サプリ
剣撃	50	LP	suppassive	なし	サプリ
突き抜く	50	LP	suppassive	なし	サプリ
乱打	50	LP	suppassive	なし	サプリ
連帯	50	LP	suppassive	憤怒x3保有	サプリ
秘密のレシピ	50	LP	suppassive	色欲x2共鳴	サプリ
か～にバル	50	LP	suppassive	暴食x2共鳴	サプリ
産地直送	50	LP	suppassive	憤怒x2共鳴	サプリ
裏路地の掟	50	LP	suppassive	なし	サプリ
懐中時計	50	LP	suppassive	怠惰x2共鳴	サプリ
緊急バッテリー	50	LP	suppassive	嫉妬x3共鳴	サプリ
幻想狩り	50	LP	suppassive	憂鬱x2保有	サプリ
裏路地の夜	50	LP	suppassive	傲慢x3共鳴	サプリ
紹興酒	50	LP	suppassive	憤怒x2 暴食x2保有	サプリ
神経損傷	50	LP	suppassive	憂鬱x3保有	サプリ
感情の激動	50	LP	suppassive	憤怒x3共鳴	サプリ
凝華	50	LP	suppassive	嫉妬x3保有	サプリ
奇襲	50	LP	suppassive	憂鬱x2共鳴	サプリ
逆鱗	70	LP	suppassive	憤怒x3保有	サプリ
情炎	70	LP	suppassive	色欲x3保有	サプリ
惰気	70	LP	suppassive	怠惰x3保有	サプリ
貪食	70	LP	suppassive	暴食x3保有	サプリ
悲観	70	LP	suppassive	憂鬱x3保有	サプリ
傲岸	70	LP	suppassive	傲慢x3保有	サプリ
羨望	70	LP	suppassive	嫉妬x3保有	サプリ
偽りの光背	70	LP	suppassive	傲慢x5保有	サプリ
くびき	80	LP	suppassive	暴食x5保有	サプリ
軽蔑	80	LP	suppassive	憤怒x5保有	サプリ
王の残滓	80	LP	suppassive	傲慢x5保有	サプリ
貪欲する棘	80	LP	suppassive	色欲x5保有	サプリ
疑問	80	LP	suppassive	暴食x3保有	サプリ
愛をください	80	LP	suppassive	嫉妬x5保有	サプリ
ぷにゅにゅんオレンジ味	80	LP	suppassive	色欲x2共鳴	サプリ
響く残響	80	LP	suppassive	怠惰x3保有	サプリ
吸って吐いて	80	LP	suppassive	傲慢x2共鳴	サプリ
苦闘	100	LP	suppassive	憂鬱x3保有	サプリ
したたか	100	LP	suppassive	傲慢x3保有	サプリ
牙突	100	LP	suppassive	色欲x2 暴食x2保有	サプリ
反動	100	LP	suppassive	色欲x2 怠惰x2保有	サプリ
栄光	100	LP	suppassive	怠惰x2共鳴	サプリ
工房マニア	100	LP	suppassive	傲慢x2 嫉妬x2保有	サプリ
激流	100	LP	suppassive	憂鬱x3保有	サプリ
きらめく願望	100	LP	suppassive	暴食x5保有	サプリ
物凄い悪口	100	LP	suppassive	色欲x5保有	サプリ
ウサギのスカーフ	100	LP	suppassive	暴食x3 憤怒x2保有	サプリ
感覚喪失	100	LP	suppassive	暴食x3共鳴	サプリ
一片の埃もないように	100	LP	suppassive	憂鬱x2 色欲x1保有	サプリ
整理整頓	100	LP	suppassive	憂鬱x2 嫉妬x1保有	サプリ
義体関節サーボモーター	100	LP	suppassive	嫉妬x3共鳴	サプリ
狩猟開始	100	LP	suppassive	暴食x2共鳴	サプリ
硬血	100	LP	suppassive	色欲x4保有	サプリ
Reindeer施術	100	LP	suppassive	憂鬱x3保有	サプリ
Rhino施術	100	LP	suppassive	嫉妬x3保有	サプリ
Rabbit施術	100	LP	suppassive	憤怒x3保有	サプリ
過充電	100	LP	suppassive	嫉妬x3保有	サプリ
部分黒獣化	100	LP	suppassive	暴食x5保有	サプリ
卯脚瞬歩	100	LP	suppassive	暴食x3共鳴	サプリ
巳毒貫極	100	LP	suppassive	暴食x3共鳴	サプリ
奔馬穿陣	100	LP	suppassive	暴食x3共鳴	サプリ
闘鶏炎舞	100	LP	suppassive	暴食x3共鳴	サプリ
お風呂の温度は～	100	LP	suppassive	憤怒x2保有	サプリ
加工紅銀：紅色破砕弾	100	LP	suppassive	傲慢x4保有	サプリ
加工紅銀：紅色刀紋	100	LP	suppassive	傲慢x4保有	サプリ
加工紅銀：紅色鏃 	100	LP	suppassive	傲慢x4保有	サプリ
加工紅銀：紅色流血	100	LP	suppassive	傲慢x4保有	サプリ
演者の行進	100	LP	suppassive	戦闘に参加している味方全員が同じ大罪共鳴	サプリ
オードパルファ ム	100	LP	suppassive	憂鬱x3 傲慢x2保有	サプリ
逢魔が時	100	LP	suppassive	嫉妬x5保有	サプリ
超高カロリーエネルギーバー	100	LP	suppassive	色欲x4共鳴	サプリ
あれは我が炎拳事務所の制服だ！	100	LP	suppassive	憤怒x3共鳴	サプリ
落ちた一雫	100	LP	suppassive	色欲x3共鳴	サプリ
史製充電回路	100	LP	suppassive	憂鬱x3保有	サプリ
吸魂療法	100	LP	suppassive	憤怒x3保有	サプリ
絶血刀	100	LP	suppassive	色欲x5保有	サプリ
水の中の月	300	LP	suppassive	暴食x5保有	サプリ
吸血	300	LP	suppassive	色欲x5保有	サプリ
我が声に応えるがよい	300	LP	suppassive	嫉妬x5保有	サプリ
抑制された白化	300	LP	suppassive	傲慢x5保有	サプリ
え辛い蕾	300	LP	suppassive	怠惰x3保有	サプリ
処断の歓喜	300	LP	suppassive	色欲x6保有	サプリ
本国剣術	300	LP	suppassive	傲慢x3保有	サプリ
押し寄せる黒い雲	300	LP	suppassive	色欲x3保有	サプリ
規律順守	300	LP	suppassive	憤怒x3共鳴	サプリ
指令の庇護	300	LP	suppassive	憂鬱x3保有	サプリ
即決処刑	300	LP	suppassive	嫉妬x2共鳴	サプリ
秀作	300	LP	suppassive	色欲x2共鳴	サプリ
ガラスの鉄則	300	LP	suppassive	暴食x3保有	サプリ
銀色の鍵束	500	LP	suppassive	怠惰x4保有	サプリ
都市を愛するあなたのための	500	LP	suppassive	傲慢x3保有	サプリ
身剣合一	500	LP	suppassive	なし	サプリ
終始一貫	500	LP	suppassive	なし	サプリ
現状打破	500	LP	suppassive	なし	サプリ
デスペラード	500	LP	suppassive	なし	サプリ
とある哲学	1000	LP	suppassive	憤怒x1 色欲x1 怠惰x1 暴食x1 憂鬱x1 傲慢x1 嫉妬x1保有	サプリ
確率変動者	1000	LP	suppassive	憤怒x1 色欲x1 怠惰x1 暴食x1 憂鬱x1 傲慢x1 嫉妬x1保有	サプリ
絡まる因縁	1000	LP	suppassive	いずれかの大罪で7共鳴以上	サプリ
発電モーターL-22	20	LP	suppassive	なし	追加パック1
窮地より	50	LP	suppassive	なし	追加パック1
のるかそるか	50	LP	suppassive	傲慢x3共鳴	追加パック1
追跡	100	LP	suppassive	色欲x2共鳴	追加パック1
黄昏の剣	100	LP	suppassive	憤怒x3共鳴	追加パック1
人生の終止符	100	LP	suppassive	傲慢x3共鳴	追加パック1
マージン	100	LP	suppassive	怠惰x3共鳴	追加パック1
猛獣の本能	100	LP	suppassive	なし	追加パック1
パレルモ剣術	100	LP	suppassive	憤怒x3共鳴	追加パック1
端末機	100	LP	suppassive	憂鬱x3共鳴	追加パック1
ルール違反	100	LP	suppassive	嫉妬x3共鳴	追加パック1
身体中心美術	100	LP	suppassive	色欲x3共鳴	追加パック1
赤く縺れた蜘蛛の巣	100	LP	suppassive	憤怒x5保有	追加パック1
野生美	100	LP	suppassive	色欲x2 憂鬱x2保有	追加パック1
切磋琢磨	100	LP	suppassive	暴食x3保有	追加パック1
試験抽出:紅炎殺	100	LP	suppassive	憤怒x5保有	追加パック1
試験抽出:提灯	100	LP	suppassive	暴食x5保有	追加パック1
試験抽出:AEDD	100	LP	suppassive	嫉妬x5保有	追加パック1
社員証	300	LP	suppassive	憤怒x1 暴食x1 嫉妬x1保有	追加パック1
苦痛なき慈悲	300	LP	suppassive	色欲x2 傲慢x2保有	追加パック1
魔王の行進	1000	LP	suppassive	ワザリングハイツ / エドガー家所属の味方5名以上	追加パック1
盗んできた炎	1000	LP	suppassive	なし	追加パック1
出血性ショック	1000	LP	suppassive	なし	追加パック1
無振八方鐘	1000	LP	suppassive	なし	追加パック1
破綻	1000	LP	suppassive	なし	追加パック1
襲う波	1000	LP	suppassive	なし	追加パック1
カスクスピリッツ	1000	LP	suppassive	なし	追加パック1
第5種永久機関	1000	LP	suppassive	なし	追加パック1
富	1000	LP	suppassive	なし	追加パック1
パニック	0	欠片	mental	-	ルールブック
圧倒	0	欠片	mental	-	ルールブック
萎縮	0	欠片	mental	-	ルールブック
悔しさ	50	欠片	mental	-	ルールブック
哀しみ	50	欠片	mental	-	ルールブック
狂人	50	欠片	mental	-	ルールブック
不順	50	欠片	mental	-	ルールブック
ギャンブラー	50	欠片	mental	-	ルールブック
立ち向かう	50	欠片	mental	-	ルールブック
自暴自棄	50	欠片	mental	-	ルールブック
報復	50	欠片	mental	-	ルールブック
逆恨み	50	欠片	mental	-	ルールブック
邸宅の木霊	50	欠片	mental	-	ルールブック
朴刀	50	欠片	mental	-	ルールブック
古木化	50	欠片	mental	-	ルールブック
憎悪	50	欠片	mental	-	ルールブック
暗数	100	欠片	mental	-	ルールブック
優越	100	欠片	mental	-	ルールブック
苦悩	100	欠片	mental	-	ルールブック
充電回路逆流	100	欠片	mental	-	ルールブック
深い邪心	100	欠片	mental	-	ルールブック
一息つく	100	欠片	mental	-	ルールブック
棘	100	欠片	mental	-	ルールブック
団結	100	欠片	mental	-	ルールブック
吸血の渇望	100	欠片	mental	-	ルールブック
飢え	100	欠片	mental	-	ルールブック
罪責感	100	欠片	mental	-	ルールブック
虚無のくびき	100	欠片	mental	-	ルールブック
教団	100	欠片	mental	-	ルールブック
規律	150	欠片	mental	-	ルールブック
勇気	200	欠片	mental	-	ルールブック
慎重	200	欠片	mental	-	ルールブック
自制	200	欠片	mental	-	ルールブック
正義	200	欠片	mental	-	ルールブック
真っ直ぐ立てる意志	1000	欠片	mental	-	ルールブック
分別できる理性	1000	欠片	mental	-	ルールブック
快撃	100	欠片	mental	-	サプリ
潜撃	100	欠片	mental	-	サプリ
指令崩壊の危機	100	欠片	mental	-	サプリ
狂奔	100	欠片	mental	-	サプリ
時代遅れの芸術	100	欠片	mental	-	サプリ
もっといい存在に成れるという希望	1000	欠片	mental	-	サプリ
生き続けるという勇気	1000	欠片	mental	-	サプリ
存在意味に対する期待	1000	欠片	mental	-	サプリ
破砕痕	50	欠片	mental	-	追加パック1
孤独	50	欠片	mental	-	追加パック1
青い砂	50	欠片	mental	-	追加パック1
眩惑	50	欠片	mental	-	追加パック1
肉体強化0-1	5	欠片	strengthening	人格のHPを2上昇させる	ルールブック
肉体強化0-2	10	欠片	strengthening	人格のHPを2上昇させる	ルールブック
肉体強化0-3	15	欠片	strengthening	人格のHPを2上昇させる	ルールブック
肉体強化0-4	20	欠片	strengthening	人格のHPを2上昇させる	ルールブック
肉体強化0-5	25	欠片	strengthening	人格のHPを2上昇させる	ルールブック
精神強化0-1	5	欠片	strengthening	人格のSANを2上昇させる	ルールブック
精神強化0-2	10	欠片	strengthening	人格のSANを2上昇させる	ルールブック
精神強化0-3	15	欠片	strengthening	人格のSANを2上昇させる	ルールブック
精神強化0-4	20	欠片	strengthening	人格のSANを2上昇させる	ルールブック
精神強化0-5	25	欠片	strengthening	人格のSANを2上昇させる	ルールブック
肉体強化A-1	30	欠片	strengthening	人格のHPを5上昇させる	ルールブック
肉体強化A-2	35	欠片	strengthening	人格のHPを5上昇させる	ルールブック
肉体強化A-3	40	欠片	strengthening	人格のHPを5上昇させる	ルールブック
肉体強化A-4	45	欠片	strengthening	人格のHPを5上昇させる	ルールブック
肉体強化A-5	50	欠片	strengthening	人格のHPを5上昇させる	ルールブック
精神強化A-1	30	欠片	strengthening	人格のSANを５上昇させる。	ルールブック
精神強化A-2	35	欠片	strengthening	人格のSANを５上昇させる。	ルールブック
精神強化A-3	40	欠片	strengthening	人格のSANを５上昇させる。	ルールブック
精神強化A-4	45	欠片	strengthening	人格のSANを５上昇させる。	ルールブック
精神強化A-5	50	欠片	strengthening	人格のSANを５上昇させる。	ルールブック
燃え上がる闘志	150	欠片	strengthening	人格の攻撃スキルの威力+1	ルールブック
進むべき守備	150	欠片	strengthening	人格の守備スキルの威力+1	ルールブック
自生する肉体	150	欠片	strengthening	人格が戦闘開始時、HPを4回復	ルールブック
死亡後パッシブ追加	200	欠片	strengthening	死亡後パッシブ装備スロットを人格に1枠追加する 	ルールブック
サポートスロット追加	300	欠片	strengthening	人格のサポートパッシブ装備スロットが2枠から3枠になる 	ルールブック
肉体強化LCB-A-1	20	欠片	strengthening	[ LCB人格専用身体強化] LCB人格のHPを5上昇させる。	サプリ
肉体強化LCB-A-2	30	欠片	strengthening	[ LCB人格専用身体強化] LCB人格のHPを5上昇させる。	サプリ
肉体強化LCB-A-3	40	欠片	strengthening	[ LCB人格専用身体強化] LCB人格のHPを5上昇させる。	サプリ
肉体強化LCB-B-1	50	欠片	strengthening	[LCB人格専用身体強化] LCB人格のHPを10上昇させる。	サプリ
肉体強化LCB-B-2	60	欠片	strengthening	[LCB人格専用身体強化] LCB人格のHPを10上昇させる。	サプリ
肉体強化LCB-B-3	70	欠片	strengthening	[LCB人格専用身体強化] LCB人格のHPを10上昇させる。	サプリ
精神強化LCB-A-1	20	欠片	strengthening	[LCB人格専用身体強化] LCB人格のSANを5上昇させる。	サプリ
精神強化LCB-A-2	30	欠片	strengthening	[LCB人格専用身体強化] LCB人格のSANを5上昇させる。	サプリ
精神強化LCB-A-3	40	欠片	strengthening	[LCB人格専用身体強化] LCB人格のSANを5上昇させる。	サプリ
精神強化LCB-B-1	50	欠片	strengthening	[LCB人格専用身体強化] LCB人格のSANを10上昇させる。	サプリ
精神強化LCB-B-2	60	欠片	strengthening	[LCB人格専用身体強化] LCB人格のSANを10上昇させる。	サプリ
精神強化LCB-B-3	70	欠片	strengthening	[LCB人格専用身体強化] LCB人格のSANを10上昇させる。	サプリ
肉体強化0-A-1	20	欠片	strengthening	[同期化人格専用身体強化] ランク0同期化人格のHPを5上昇させる。	サプリ
肉体強化0-A-2	30	欠片	strengthening	[同期化人格専用身体強化] ランク0同期化人格のHPを5上昇させる。	サプリ
肉体強化0-A-3	40	欠片	strengthening	[同期化人格専用身体強化] ランク0同期化人格のHPを5上昇させる。	サプリ
肉体強化0-B-1	50	欠片	strengthening	[同期化人格専用身体強化] ランク0同期化人格のHPを10上昇させる。	サプリ
肉体強化0-B-2	60	欠片	strengthening	[同期化人格専用身体強化] ランク0同期化人格のHPを 10上昇させる。	サプリ
肉体強化0-B-3	70	欠片	strengthening	[同期化人格専用身体強化] ランク0同期化人格のHPを 10上昇させる。	サプリ
精神強化0-A-1	20	欠片	strengthening	[同期化人格専用身体強化] ランク0同期化人格のSANを5上昇させる。	サプリ
精神強化0-A-2	30	欠片	strengthening	[同期化人格専用身体強化] ランク0同期化人格のSANを5上昇させる。	サプリ
精神強化0-A-3	40	欠片	strengthening	[同期化人格専用身体強化] ランク0同期化人格のSANを5上昇させる。	サプリ
精神強化0-B-1	50	欠片	strengthening	[同期化人格専用身体強化] ランク0同期化人格のSANを10上昇させる。	サプリ
精神強化0-B-2	60	欠片	strengthening	[同期化人格専用身体強化] ランク0同期化人格のSANを10上昇させる。	サプリ
精神強化0-B-3	70	欠片	strengthening	[同期化人格専用身体強化] ランク0同期化人格のSANを10上昇させる。	サプリ
肉体強化00-A-1	30	欠片	strengthening	[同期化人格専用身体強化] ランク00同期化人格のHPを5上昇させる。	サプリ
肉体強化00-A-2	40	欠片	strengthening	[同期化人格専用身体強化] ランク00同期化人格のHPを5上昇させる。	サプリ
肉体強化00-A-3	50	欠片	strengthening	[同期化人格専用身体強化] ランク00同期化人格のHPを5上昇させる。	サプリ
肉体強化00-B-1	60	欠片	strengthening	[同期化人格専用身体強化] ランク00同期化人格のHPを10上昇させる。	サプリ
肉体強化00-B-2	80	欠片	strengthening	[同期化人格専用身体強化] ランク00同期化人格のHPを10上昇させる。	サプリ
肉体強化00-B-3	100	欠片	strengthening	[同期化人格専用身体強化] ランク00同期化人格のHPを10上昇させる。	サプリ
精神強化00-A-1	30	欠片	strengthening	[同期化人格専用身体強化] ランク00同期化人格のSANを5上昇させる。	サプリ
精神強化00-A-2	40	欠片	strengthening	[同期化人格専用身体強化] ランク00同期化人格のSANを5上昇させる。	サプリ
精神強化00-A-3	50	欠片	strengthening	[同期化人格専用身体強化] ランク00同期化人格のSANを5上昇させる。	サプリ
精神強化00-B-1	60	欠片	strengthening	[同期化人格専用身体強化] ランク00同期化人格のSANを10上昇させる。	サプリ
精神強化00-B-2	80	欠片	strengthening	[同期化人格専用身体強化] ランク00同期化人格のSANを10上昇させる。	サプリ
精神強化00-B-3	100	欠片	strengthening	[同期化人格専用身体強化] ランク00同期化人格のSANを10上昇させる。	サプリ
肉体強化000-A-1	30	欠片	strengthening	[同期化人格専用身体強化] ランク000同期化人格のHPを5上昇させる。	サプリ
肉体強化000-A-2	50	欠片	strengthening	[同期化人格専用身体強化] ランク000同期化人格のHPを5上昇させる。	サプリ
肉体強化000-A-3	70	欠片	strengthening	[同期化人格専用身体強化] ランク000同期化人格のHPを5上昇させる。	サプリ
肉体強化000-B-1	90	欠片	strengthening	[同期化人格専用身体強化] ランク000同期化人格のHPを10上昇させる。	サプリ
肉体強化000-B-2	110	欠片	strengthening	[同期化人格専用身体強化] ランク000同期化人格のHPを10上昇させる。	サプリ
肉体強化000-B-3	130	欠片	strengthening	[同期化人格専用身体強化] ランク000同期化人格のHPを10上昇させる。	サプリ
精神強化000-A-1	30	欠片	strengthening	[同期化人格専用身体強化] ランク000同期化人格のSANを5上昇させる。	サプリ
精神強化000-A-2	50	欠片	strengthening	[同期化人格専用身体強化] ランク000同期化人格のSANを5上昇させる。	サプリ
精神強化000-A-3	70	欠片	strengthening	[同期化人格専用身体強化] ランク000同期化人格のSANを5上昇させる。	サプリ
精神強化000-B-1	90	欠片	strengthening	[同期化人格専用身体強化] ランク000同期化人格のSANを10上昇させる。	サプリ
精神強化000-B-2	110	欠片	strengthening	[同期化人格専用身体強化] ランク000同期化人格のSANを10上昇させる。	サプリ
精神強化000-B-3	130	欠片	strengthening	[同期化人格専用身体強化] ランク000同期化人格のSANを10上昇させる。	サプリ
自我の欠片	2	LP	item	購入時、自我の欠片1を得る	ルールブック
硝子の破片	20	LP	item	使用時、該当する人格のCTを1減少 （使用後消滅）	ルールブック
包帯	15	LP	item	使用時2d6を振り、6以上が出ればHPを10回 復する上、再使用できる<br>5以下が出れば消滅 （戦闘中使用不可）	ルールブック
小さなHPアンプル	10	LP	item	使用したRから、R終了時HPを4回復するようになる（使用後消滅）（持続4R）	ルールブック
劣化HP弾	15	LP	item	使用時、HPを10回復（使用後消滅）	ルールブック
HPアンプル	20	LP	item	使用したRから、R終了時HPを8回復するよう になる（使用後消滅）（持続3R）	ルールブック
HP弾	20	LP	item	使用時、HPを20回復（使用後消滅）	ルールブック
たぷたぷの燃料タンク	35	LP	item	このRの間、HPが0になる攻撃を受けた際に 60％の確率でそのダメージを0にしHP30回復 (使用後消滅)	ルールブック
鎮静剤	20	LP	item	使用時、SANを25回復（使用後消滅）（自分以 外に使用不可）	ルールブック
ルージュアイ事務所の香水	35	LP	item	使用したRから、R終了時にSANを10回復する （使用後消滅）（持続3R）	ルールブック
ヒートグローブ	10	LP	item	使用したRの間、スキルで火傷を付与する際に 火傷付与量+1（使用後消滅）（重複不可）	ルールブック
砥石	10	LP	item	使用したRの間、スキルで出血を付与する際に 出血付与量+1（使用後消滅）（重複不可）	ルールブック
ボルトット工房の外付けガントレット	10	LP	item	使用したRの間、スキルで振動を付与する際に 振動付与量+1（使用後消滅）（重複不可）	ルールブック
生命体切断システム装置	10	LP	item	使用したRの間、スキルで破裂を付与する際に 破裂付与量+1（戦闘後消滅）（重複不可）	ルールブック
轟くマラカス	10	LP	item	使用したRの間、スキルで沈潜を付与する際に 沈潜付与量+1（使用後消滅）（重複不可）	ルールブック
メイジ工房のお手製ハンマー	10	LP	item	使用したRの間、スキルで恐慌を付与する際に 恐慌付与量+1（使用後消滅）（重複不可）	ルールブック
エネルギー増幅装置	10	LP	item	使用したRの間、スキルで充電を得る際に 充電獲得量+1（戦闘後消滅）（重複不可）	ルールブック
酸素ボンベ	10	LP	item	使用したRの間、スキルで呼吸を得る際に 呼吸獲得量+1（使用後消滅）（重複不可）	ルールブック
ヴィリーブ工房の煙草	10	LP	item	使用したRの間、スキルで煙を得る際に 煙獲得量+1（戦闘後消滅）（重複不可）	ルールブック
エネルギー増電器具	20	LP	item	 充電が15以上なら使用可能<br>充電の最大上限を25にする（使用後消滅） 	ルールブック
黒い雲の刺青	20	LP	item	このRの間、破壊不能ダイスのダイス威力+1 （使用後消滅）（重複不可）	ルールブック
カモメ運送会社の外付け強化義手	25	LP	item	舞台開始時に使用可能。R開始時、パワー1を得る（戦闘後消滅）（重複不可）（持続3R）	ルールブック
エスカ事務所の強化刺青	25	LP	item	舞台開始時に使用可能。R開始時、忍耐2を得る （戦闘後消滅）（重複不可）（持続3R）	ルールブック
バラのスパナ工房の外付け強化義足	25	LP	item	舞台開始時に使用可能。R開始時、クイック2を得る（戦闘後消滅）（重複不可）（持続3R）	ルールブック
湯の花運送の防護湯煙	25	LP	item	舞台開始時に使用可能。R開始時、保護1を得る （戦闘後消滅）（重複不可）（持続3R）	ルールブック
ガーデンの感覚遮断薬	25	LP	item	[最大所持数3] 使用したR の間、受けるHP ダメージが+2。受けるSAN ダメージが-5（使用後消滅）（重複不可）	ルールブック
月光石 	30	LP	item	使用したRの間、沈潜と恐慌で受けるSANダメ ージが半減（使用後消滅）（重複不可）	ルールブック
出血防止手袋	30	LP	item	使用したR の間、出血保護3 を得る（使用後消滅）	ルールブック
メメメメメ工房の筋トレ雑誌	30	LP	item	使用時、沈潜8とパワー1を得る（使用後消滅）	ルールブック
ツヴァイヘンダー	40	LP	item	使用時、次のRにあなたの盾2を得る （使用後消滅）	ルールブック
物理干渉保護フィールド	40	LP	item	使用時、次のRに充電力場2を得る （使用後消滅）	ルールブック
白蓮清掃派遣会社の制服	50	LP	item	[最大所持数1] シナリオ開始時に使用<br>このシナ リオ中、攻撃で受けるSANダメージが5減少<br>白蓮系統の人格のみ使用可能（使用後消滅）	ルールブック
N社の経典	50	LP	item	[最大所持数1] シナリオ開始時に使用可能<br>このシナリオ中、スキル威力が1増加し、HPとSAN の最大値が10増加<br>N社狂信者の人格のみ使用可能（使用後消滅）	ルールブック
LCCB職員の棍棒と盾	50	LP	item	[最大所持数1] シナリオ開始時に使用可能<br>この シナリオ中、スキル威力が1増加し、破裂と振動 の付与量+1<br>LCCB系統の人格のみ使用可能（使用後消滅）	ルールブック
セブン協会の情報資料	50	LP	item	[最大所持数1] シナリオ開始時に使用可能<br>この シナリオ中、破裂爆発ダメージ量+5<br>セブン協 会系統の人格のみ使用可能（使用後消滅）	ルールブック
旧G社の薄汚れた軍服	50	LP	item	[最大所持数1] シナリオ開始時に使用可能<br>この シナリオ中、全てのダイスに「的中時、HPを2 回復」を追加<br>旧G社系統の人格のみ使用可能 （使用後消滅）	ルールブック
黒丸	50	LP	item	[最大所持数1] シナリオ開始時に使用可能<br>この シナリオ中、呪殺で与えるダメージ量が5増加<br>黒獣系統の人格のみ使用可能（使用後消滅）	ルールブック