番号	名称	所属	HP	SAN	速度	斬撃	貫通	打撃	弾丸	パッシブ名	発動条件	常時発動	効果	パッシブ名2	発動条件2	常時発動2	効果2	戦術0名称	戦術0効果	戦術0-2スキル名称	戦術0-2スキル効果	戦術0-3スキル名称	戦術0-3スキル効果	戦術1名称	戦術1効果	戦術1-2スキル名称	戦術1-2スキル効果	戦術1-3スキル名称	戦術1-3スキル効果	戦術2名称	戦術2効果	戦術2-2スキル名称	戦術2-2スキル効果	戦術2-3スキル名称	戦術2-3スキル効果	戦術3名称	戦術3効果	戦術3-2スキル名称	戦術3-2スキル効果	戦術3-3スキル名称	戦術3-3スキル効果	戦術4名称	戦術4効果	戦術4-2スキル名称	戦術4-2スキル効果	戦術4-3スキル名称	戦術4-3スキル名称	戦術5名称	戦術5効果	戦術5-2スキル名称	戦術5-2スキル効果	固有
1	N社握る者の人格	N社 / N社の狂信者	146	53	4d2	弱点	抵抗	普通	なし	口笛	色欲x3 共鳴	なし	R開始時、ランダムな味方3名のSANを15回復し、対象がN社所属なら狂信2を付与	なし	なし	なし	なし	笑止	回避：色欲<br>2d10：回避成功時、対象へ固定SANダメージ7を与える	なし	なし	なし	なし	深く刺す	貫通：色欲<br>マッチ勝利時：固定SANダメージ3を与える<br>2d8：マッチ勝利的中時、N社の釘2を付与<br>2d10：的中時、次のRに出血4を付与	なし	なし	なし	なし	罪悪を貫く釘	貫通：嫉妬<br>マッチ勝利時：次のRに狂信4を得る<br>5d2+3<br>2d9+2：的中時、次のR にて麻痺2と出血3を付与	なし	なし	なし	なし	握り締める	貫通：色欲<br>2d10：的中時、N社の釘2を付与<br>2d10：的中時、N社の釘3を付与<br>1d18+5：的中時、対象のN社の釘が7以上なら次のRに注視1を付与	なし	なし	なし	なし	処断	貫通：憂鬱<br>敵討伐時：全ての味方のSANを10回復。次のRにて全ての味方に貫通ダメージ量増加2と打撃ダメージ量増加2を付与<br>3d8<br>5d4<br>2d12：対象のN社の釘が5以上ならダメージ量+7	なし	なし	なし	なし	なし	なし	なし	なし	[注視] 最大1 デバフ<br>[1R]貫通、打撃属性スキルによる被ダメージが3増加<br>この効果が付与されたキャラクターを倒したとき、倒したキャラクターのSANが10回復する。<br>該当する味方がN社所属なら次のRに狂信1を得る
2	N社握らんとする者の人格	N社 / N社の狂信者	166	50	1d7	弱点	普通	抵抗	なし	狂炎	憤怒x2 保有	生存しているN社狂信者が自分を含めて5名以上いるなら、N社狂信者にダメージ量増加1と狂信1を付与	SANが50％以下の時、スキルd値-2	なし	なし	なし	なし	やめ・・・	防御：傲慢<br>戦闘開始時：SANを15回復<br>2d10	なし	なし	なし	なし	追い立てられた審判	打撃：憂鬱<br>使用時：SANを7減少<br>11-1d5<br>11-1d5：的中時、次のRに狂信1を得て火傷3を付与	なし	なし	なし	なし	大業を遂行せよ	打撃：色欲<br>使用時：SANを7減少<br>マッチ開始時：対象が機械融和生命体ならスキル威力+2<br>マッチ勝利時：次のRに狂信2を得る<br>12-1d10：的中時、対象がN社の釘状態なら麻痺1を得る<br>12-1d10：的中時、対象がN社の釘状態なら麻痺1を得る<br>14-2d7：的中時、対象がN社の釘状態なら麻痺1を得る	なし	なし	なし	なし	判断を止めた執行	打撃：色欲<br>自分に狂信があるならダメージ量+3<br>使用時：SANを10減少<br>16-1d15<br>16-1d15：的中時、火傷3を付与<br>16-1d15：的中時、火傷3を付与<br>16-1d15：的中時、次のRに出血2を付与	なし	なし	なし	なし	自滅的浄化	打撃：憤怒<br>自分に狂信があるならダメージ量+5。対象が機械融和生命体なら追加で+5<br>使用時：SANを15減少<br>30-6d5<br>30-6d5：的中時、ダメージ量の半分だけ固定SANダメージを与える（最大25）<br>30-6d5：的中時、対象の出血が5以上なら火傷7を付与。敵討伐時、次のRに打撃威力増加1を得る	なし	なし	なし	なし	なし	なし	なし	なし	なし
3	開花 E.G.O:壇香梅の人格	技術開放連合	154	50	1d5+2	普通	抵抗	弱点	なし	え辛い春風	怠惰x4 保有	SANが50%の状態で舞台開始。<br>SANが100％になる時、SANを25％まで減少させ、[開花E.G.O「壇香梅」]1を得る。<br>戦闘中にマッチに3回敗北する、またはSANが0になると全ての[開花E.G.O「壇香梅」]を失う。<br>混乱復帰時、SANは25%まで回復する	広域スキル使用時、ダメージ量+3	なし	なし	なし	なし	舞い散る残香	回避：怠惰<br>2d10：回避成功時、沈潜1を付与しSANを5回復	なし	なし	なし	なし	萌え出る蕾	貫通：暴食<br>自分が[開花E.G.O「壇香梅」]状態ならスキル威力+2<br>使用時：振動4を得る<br>マッチ勝利時：SANを15回復<br>2d8<br>2d7：的中時、次のRに沈潜1を付与<br>2d5：的中時、次のRに沈潜2を付与	なし	なし	なし	なし	刹那の花風	打撃：怠惰<br>メインターゲットの沈潜が6以上ならスキルd値+1<br>自分が[開花E.G.O「壇香梅」]状態なら沈潜付与量+1<br>戦闘開始時：自分の振動を6消費し、広域指定人数2名増加<br>マッチ勝利時：SANを10回復<br>3d5：的中時、次のRに沈潜2を付与<br>3d5：的中時、次のRに沈潜2を付与<br>3d5：的中時、次のRに沈潜2を付与	なし	なし	なし	なし	燦然たる春風	貫通：怠惰<br>使用時：自分以外の自分と同じ速度のキャラクター全員に沈潜6を付与<br>自分が[開花E.G.O「壇香梅」]状態なら代わりに自分と同じ速度の敵全員に沈潜6を付与<br>マッチ勝利時：SANを10回復<br>22-2d10：的中時、振動4を得る	なし	なし	なし	なし	血を宿した香り	貫通：傲慢<br>自分が[開花E.G.O「壇香梅」]状態ならダメージ量+4<br>マッチ敗北時：SANを20減少<br>使用時：振動6を得る<br>3d6：的中時、沈潜1を付与<br>3d6：的中時、沈潜1を付与<br>3d7：的中時、対象の沈潜が6以上なら[沈潜殺到]。自分の振動が10以上ならダメージ量+5	なし	なし	なし	なし	なし	なし	なし	なし	[開花E.G.O「壇香梅」]最大10 中立バフ<br>沈潜状態の敵に与えるダメージ量+1<br>攻撃的中時、沈潜1を付与<br>スキルを使用する度に数値が1増加<br>R終了時に壇香梅x5だけSAN減少（最大45減少）
4	双鉤海賊団副船長の人格	双鉤海賊団	149	55	1d6	抵抗	普通	弱点	7	コインの両面	色欲x2 共鳴	出血状態の敵にクリティカル的中時、[不当収益]1を得る	クリティカル成功時、次のRにダメージ量増加2とパワー1を得る。クリティカル失敗時、次のRにダメージ量減少3を得る	なし	なし	なし	なし	回避	回避：色欲<br>8d2：回避成功時、呼吸3を得る	なし	なし	なし	なし	どこ見てるんだ？	斬撃：色欲<br>対象の出血が7以上ならスキル威力+1<br>使用時：呼吸4を得る<br>2d8 ：的中時、呼吸1を得る。クリティカル的中時、次のRに出血2を付与<br>2d9 ：クリティカル的中時、次のRに出血2を付与	なし	なし	なし	なし	交渉開始	貫通：怠惰<br>対象の出血が7以上ならスキル威力+1<br>マッチ勝利時：呼吸4を得る<br>3d6：的中時、ランダムな味方1 名に呼吸2を付与<br>4d4：的中時、ランダムな味方1 名に呼吸2を付与	なし	なし	なし	なし	一方的ビジネス	貫通：傲慢<br>対象の出血7ごとにスキル威力+1（最大2）<br>使用時：呼吸3を得る<br>クリティカル成功時：自分を除くランダムな味方2名のSAN を10回復<br>2d10：マッチ勝利的中時、内臓崩壊1を付与<br>2d10：クリティカル的中時、次のR に出血3を付与	なし	なし	なし	なし	予定された決裂	貫通：憂鬱対象の出血2ごとに呼吸1を得る（最大10）<br>3d7：クリティカル的中時、出血3を付与<br>8d3：銃撃。的中時、弾丸を1消費。クリティカルダメージ量+10	なし	なし	なし	なし	なし	なし	なし	なし	[不当収益] 最大4 バフ<br>銃撃ダイスで弾丸使用時、不当収益を全て消費しダメージの（消費した不当収益の数x25）％だけ固定ダメージを与える<br>保有弾丸数が0なら、クリティカル成功時、最後のダイスに「不当収益の数x2だけ出血を付与」を追加
5	ピークォド号船長の人格	ピークォド号	154	53	4d2	普通	抵抗	弱点	なし	ピークォド号の船長	傲慢x4 保有	敵討伐時、ランダムな味方2 名のSANを10回復し、[過熱されたガス銛]1 を得る	R開始時、全ての味方のSANを2回復。<br>ピークォド号所属の味方は代わりにSANを5回復	なし	なし	なし	なし	私の周りに立て！	防御：暴食<br>戦闘開始時：両隣の味方に保護2を付与<br>2d9<br>2d9	なし	なし	なし	なし	火が如き銛	貫通：傲慢<br>対象のデバフの種類の数だけスキル威力+1（最大2）対象の出血の数だけダメージ量+1（最大3）<br>2d7 ：的中時、火傷1を付与<br>2d7 ：的中時、火傷1を付与<br>2d5 ：的中時、対象の出血の数だけ火傷を付与	なし	なし	なし	なし	最後まで追跡しろ！	貫通：傲慢<br>戦闘開始時：（最大共鳴数x20）％の確率で後方の味方1名に[援護攻撃]1を付与。最大共鳴数が4以上なら、[援護攻撃]を付与した味方に傲慢威力増加1と傲慢ダメージ量増加2を付与<br>使用時：呼吸8を得る<br>4d3<br>4d3：的中時、次のRに出血2を付与<br>4d4：マッチ勝利的中時、火傷1を付与	なし	なし	なし	なし	息を吐き出せ！	貫通：嫉妬<br>マッチ勝利時：呼吸4を得て、対象に[獲物の印]1を付与<br>5d4：的中時、ランダムな味方2名に呼吸8を付与（ピークォド号所属の味方を優先する）	なし	なし	なし	なし	執念の銛	貫通：憤怒<br>対象の出血5ごとにスキルd数+1（最大2）<br>マッチ勝利時：自分以外のランダムな味方1名のSANを10減少させ、自分のSANを20回復<br>攻撃後：対象が混乱または死亡した場合SANが最も低い味方2名に呼吸7を付与<br>3d4<br>3d4：的中時、次のRに出血2を付与<br>3d4：的中時、次のRに出血2を付与<br>3d4：的中時、対象の火傷が10以上なら[葬炎]	なし	なし	なし	なし	なし	なし	なし	なし	[援護攻撃] 最大1 バフ<br>[1R]この効果を付与したキャラクターの攻撃終了時、そのキャラクターが攻撃した対象をスキル1で一方攻撃する。<br><br>[過熱されたガス銛] 最大1 バフ<br>[1R]攻撃的中時に火傷1を付与<br>対象の火傷が5以上なら与えるダメージ量+2<br><br>[獲物の印] 最大1 デバフ<br>[1R]ピークォド号所属のキャラクターから受けるダメージ+3
6	エドガー家継承者の人格	エドガー家	132	59	4d2	弱点	抵抗	普通	なし	終わりなき悪夢	憂鬱x3 共鳴	なし	戦闘開始時、自分のSAN5ごとにダメージ量増加1と脆弱1を得る（最大5）。<br>対象の沈潜2ごとにダメージ量+1（最大5）	なし	なし	なし	なし	貴方も泣きたいのか？	回避：憂鬱<br>使用時：対象の沈潜3ごとにスキル威力+1（最大3）<br>8d2	なし	なし	なし	なし	セイバースラッシュ	斬撃：嫉妬<br>使用時：対象の沈潜が6以上ならスキルd値+2。対象の沈潜3ごとにマッチ威力+1（最大2）<br>2d8 ：的中時、沈潜3を付与	なし	なし	なし	なし	クベール	貫通：憤怒<br>使用時：対象の沈潜が4以上ならスキルd値+1<br>3d4+2：的中時、次のRに束縛1と斬撃脆弱1を付与<br>3d5+2：的中時、次のRに束縛1を付与	なし	なし	なし	なし	ルミーズ	斬撃：憂鬱<br>使用時：対象の沈潜が6以上ならスキル威力+2。対象の沈潜3ごとにマッチ威力+1（最大2）<br>マッチ勝利時：沈潜2を付与<br>5d3：的中時、対象の沈潜が5以上なら次のRにクイック1を得る<br>5d4：的中時、沈潜3を付与	なし	なし	なし	なし	悪夢狩り	斬撃：色欲<br>使用時：対象の沈潜3ごとにマッチ威力+1（最大2）<br>攻撃後：対象が混乱状態なら沈潜3を付与<br>敵討伐時：ランダムな敵2名に沈潜3を付与<br>2d9：的中時、沈潜1を付与<br>2d9：的中時、沈潜1を付与<br>2d9：的中時、沈潜1を付与<br>2d10：的中時、対象の沈潜が10以上なら、沈潜を10吸収し、次のRにd値強化1とダメージ量増加3を得る。50％の確率で沈潜を吸収せずにこの効果が発動	なし	なし	なし	なし	なし	なし	なし	なし	なし
7	エドガー家チーフバトラーの人格	エドガー家	155	55	4d2	弱点	抵抗	普通	なし	家事の仕上げ	傲慢x3 共鳴	なし	[バトラーの目印]を持つ対象へ攻撃的中時、呼吸1を得て、次のR にクイックを1得る（最大3）<br>[バトラーの目印]を持つ対象にクリティカル的中時、対象の速度が自分より低ければ、対象との速度差1ごとにクリティカルダメージ量+1（最大6）	なし	なし	なし	なし	埃も残さず	回避：色欲<br>8d2：回避成功時、[バトラーの目印]1を付与し、呼吸1を得て、SANを3回復	なし	なし	なし	なし	応接道一式 狩り	斬撃：色欲<br>対象の速度が自分より低ければ、対象との速度差2ごとにマッチ威力+1（最大3）<br>使用時：呼吸2を得る<br>2d8：的中時、呼吸2を得る<br>2d8：的中時、[バトラーの目印]2を付与	なし	なし	なし	なし	応接道第七式 捕捉	斬撃：傲慢<br>メインターゲットの速度が自分より低ければ、対象との速度差2ごとにマッチ威力+1（最大3）<br>戦闘開始時：自分の呼吸を6消費して、広域指定人数2名増加<br>2d10：的中時、呼吸3を得る<br>2d10：的中時、[バトラーの目印]2を付与。クリティカル的中時、[バトラーの目印]1を付与	なし	なし	なし	なし	招かざる客の威圧	斬撃：憂鬱<br>対象の速度が自分より低ければ、対象との速度差2ごとにマッチ威力+1（最大3）<br>4d4：的中時、脆弱1を付与<br>3d7：的中時、次のRに束縛2を付与<br>3d7：的中時、[バトラーの目印]1を付与	なし	なし	なし	なし	応接道第二式 瓦解	斬撃：憤怒<br>対象に[バトラーの目印]があるならマッチ威力+1<br>対象の速度が自分より低ければ、対象との速度差2ごとにスキル威力+1（最大2）<br>使用時：呼吸7を得る<br>8d2：的中時、呼吸5を得て、次のRに束縛1を付与。<br>クリティカル的中時、[バトラーの目印]1を付与<br>4d5：対象が混乱状態ならクリティカルダメージ量+4。的中時、[バトラーの目印]2を付与。<br>敵討伐時、[バトラーの目印]を持つランダムな対象へ、このスキルを再使用（最大1回。[バトラーの目印]がない場合発動しない）	なし	なし	なし	なし	なし	なし	なし	なし	[バトラーの目印] 最大10 中立バフ<br>特定スキルが強化。<br>クリティカル攻撃を受けた時、数値1減少
8	ワザリング・ハイツ チーフバトラーの人格	ワザリングハイツ	175	47	2d3+1	普通	弱点	抵抗	なし	奥様の声が・・・！	憂鬱x3 共鳴	なし	マッチ開始時、対象が士気低下状態または混乱状態なら、マッチ威力+1、ダメージ量+3。[邸宅の木霊]状態の対象へのダメージ量+3。全てのダイスが残っている状態でマッチ勝利時にSANを7回復。SANが最大なら次のRにマッチ威力増加1を得る	なし	なし	なし	なし	無礼者が・・・！	回避：憂鬱<br>4d6：回避成功時、沈潜1を付与	なし	なし	なし	なし	ノック	打撃：傲慢<br>使用時：対象の沈潜が6以上ならスキルd値+1<br>2d9<br>2d9：的中時、沈潜3を付与	なし	なし	なし	なし	埃はたき	打撃：憂鬱<br>使用時：対象の沈潜が5以上ならスキルd値+1<br>マッチ勝利時：沈潜2を付与<br>4d4<br>4d4：的中時、沈潜3を付与<br>4d4：的中時、沈潜2を付与	なし	なし	なし	なし	一片の埃もなきように！	打撃：憂鬱<br>戦闘開始時：全ての味方に脆弱1を付与し、SANを5回復<br>2d8：的中時、対象の沈潜の数だけ憂鬱ダメージを与え（最大10）、対象の沈潜を半減させる<br>2d10：的中時、対象の沈潜の数だけ憂鬱ダメージを与え（最大10）、対象の沈潜を半減させる<br>2d10：的中時、対象の沈潜の数だけ憂鬱ダメージを与え（最大10）、対象の沈潜を半減させる	なし	なし	なし	なし	奥様の意のままに	打撃：色欲<br>4d4+2<br>4d4+2<br>4d4+3<br>5d4+3：的中時、次のRに[邸宅の木霊]3を付与。対象に[邸宅の木霊]があれば対象の沈潜の数だけ憂鬱ダメージを与える（最大30）	なし	なし	なし	なし	なし	なし	なし	なし	[邸宅の木霊] 最大3 デバフ<br>自分の精神が邸宅の木霊に変更される。<br>沈潜が付与される時、追加で沈潜を1得る<br>R終了時、1減少
9	ワザリングハイツ・ワイルドハントの人格	ワザリングハイツ	150	60	1d6+2	抵抗	普通	弱点	なし	魔王の呼びかけ	嫉妬x5 保有	なし	対象の沈潜3ごとにダメージ量+1（最大5）<br>戦闘中に味方のHPが0になる時、[棺]を2消費してその味方のHPを1にし、[ワイルドハント]1を付与（1Rに2回）	なし	なし	なし	なし	デュラハンよ…！	マッチ可能斬撃反撃：色欲<br>戦闘開始時：[デュラハン]がないなら、次のRに[デュラハン]1を得る<br>使用時：対象の沈潜が6以上ならスキル威力+1<br>2d9：的中時、沈潜2を付与<br>2d9	なし	なし	なし	なし	斬首	斬撃：憤怒<br>使用時：対象の沈潜が6以上ならスキル威力+1<br>2d10<br>2d10：的中時、沈潜3を付与	なし	なし	なし	なし	追悼行進	斬撃：嫉妬<br>使用前：自分の棺4ごとに広域指定人数+1（最大2）。自分に[デュラハン]があるならさらに広域指定人数+1<br>使用時：対象の沈潜5ごとにスキル威力+1（最大3）<br>攻撃後：自分[にデュラハン]があればSANを10減少<br>2d9<br>2d9：的中時、沈潜2を付与<br>2d10：的中時、沈潜3を付与	なし	なし	なし	なし	恨み晴らし	打撃：色欲<br>対象の沈潜が5以上ならマッチ威力+1<br>使用時：自分の棺5ごとにマッチ威力+1（最大2）<br>マッチ勝利時：沈潜3を付与<br>8d2：的中時、沈潜3を付与<br>8d2：的中時、対象の沈潜の数だけ出血を付与（最大10）	なし	なし	なし	なし	レクイエム	打撃：憂鬱<br>使用前：自分に[デュラハン]があるなら、このスキルを「死ぬまで走れ、デュラハンよ」に変更<br>使用時：対象の沈潜3ごとにスキルd値-1（最大4）<br>自分の[棺]1ごとにダメージ量+2（最大12）<br>攻撃後：[棺]1を得て、このスキルを捨てる<br>敵討伐時：[棺]2を得る<br>18-1d14：的中時、沈潜3を付与<br>18-1d14：的中時、沈潜3を付与	死ぬまで走れ、デュラハンよ	打撃：憂鬱 <br>使用前：自分の[棺]2ごとに広域指定人数+1（最大4）<br>使用時：SANを15減少。対象の沈潜3ごとにスキルd値-1（最大6）<br>自分の[棺]1ごとにダメージ量+2（最大12）<br>攻撃後：[棺]2を得て、このスキルを捨てる <br>敵討伐時：[棺]3を得る<br>R終了時：[デュラハン]を除去<br>20-1d15 ：的中時、沈潜1を付与<br>20-1d15 ：的中時、沈潜1を付与<br>20-1d15 ：的中時、沈潜1を付与<br>20-1d15 ：的中時、対象の沈潜の数だけ憂鬱ダメージを与える<br>敵討伐時、SANを15回復。ランダムな敵2名に対し、倒した対象の沈潜の数2ごとに沈潜1を付与（最大8） 	なし	なし	なし	なし	なし	なし	[棺] 最大10 バフ<br>R終了時、次のRにて棺3ごとにダメージ量増加1を得る（最大3）<br>棺5ごとにマッチ威力増加1を得る（最大2）<br><br>[デュラハン] 最大3 中立バフ<br>ダメージ量+3<br>被ダメージ量+3<br>速度d値+1<br>R終了時、次のRにデュラハン1を得る<br>自分が士気低下状態または混乱状態なら消滅<br>R終了時にデュラハンがあるなら、自分のSANが（15-棺の数）だけ減少（最低7）<br><br>[ワイルドハント] 最大1 中立バフ<br>付与されたRの間、HPが1未満にならない<br>R終了時、最大HPの50％だけHPを回復<br>攻撃により死亡時、ランダムなE.G.O資源を1得る<br>付与されたRの次のR終了時、死亡する
10	ラ・マンチャランド 理髪師の人格	ラ・マンチャランド / 血鬼	152	58	4d2	抵抗	普通	弱点	なし	血を宿した鋏/血染めの鋏の刃	色欲x3 共鳴	なし	[裁縫対象]とマッチする時、マッチ威力+1。<br>戦闘で自分が消費した血餐25ごとにダメージ量+1（最大5）	なし	なし	なし	なし	礼儀がなってないじゃない！	マッチ可能斬撃反撃：暴食<br>使用時：[血染めの鋏の刃]の段階に比例し、マッチ威力+1（最大3）<br>5d3：的中時、次のRに出血4を付与	なし	なし	なし	なし	裁縫	斬撃：暴食<br>与えたダメージの10％だけHPを回復（最大10）<br>使用時：対象の出血が6以上ならマッチ威力+1<br>2d8：的中時、次のRに出血3を付与<br>2d6：的中時、（血染めの鋏の刃の段階-1）回このダイスを再使用（最大2）	なし	なし	なし	なし	チョッキン！	斬撃：傲慢<br>与えたダメージの10％だけHPを回復（最大15）<br>使用時：血餐を最大30消費し、消費した血餐10ごとに[血染めの鋏の刃]1を得て、SANを2回復。血餐が消費できない場合、出血3を得る。<br>2d9：的中時、次のRに出血1を付与。対象が出血状態なら固定ダメージ4を与える<br>2d10：的中時、次のRに出血1を付与。対象が出血状態なら固定ダメージ4を与える<br>2d10：破壊不能ダイス。的中時、次のRに出血2を付与	なし	なし	なし	なし	カットオフ	斬撃：色欲<br>与えたダメージの10％だけHPを回復（最大20）<br>使用時：血餐を最大60消費し、消費した血餐6ごとに[血染めの鋏の刃]1を得る。血餐が消費できない場合、出血7を得る<br>2d8+2：的中時、次のRに出血1を付与<br>2d8+2：的中時、次のRに出血1を付与<br>5d3+2：的中時、自分の[血染めの鋏の刃]が10以上なら次のRに[裁縫対象]1を付与	なし	なし	なし	なし	仲良く切ってあげるぅ！	斬撃：憤怒<br>与えたダメージの20％だけHPを回復（最大20）<br>攻撃前：[血染めの鋏の刃]が10以上なら、広域指定人数+1。[血染の鋏の刃]が20以上なら、代わりに広域指定人数+2<br>使用時：対象の出血が6以上ならスキル威力とマッチ威力+1<br>攻撃後：増加した広域指定人数1ごとに[血染めの鋏の刃]を10消費<br>敵討伐時：血餐30を得る<br>2d8：的中時、次のRに出血2を付与<br>2d9：的中時、次のRに出血2を付与<br>2d10：的中時、次のRに出血2を付与<br>2d12：的中時、[血染めの鋏の刃]が10以上なら[血染めの鋏の刃]x2だけ固定ダメージを与える（最大30）、対象の出血を出血-渇きへ[血蓮変換]	なし	なし	なし	なし	なし	なし	なし	なし	[血染めの鋏の刃] 最大10 バフ<br>[-血染めの鋏の刃Ⅰ-]<br>R開始時、ダメージ量増加1、HP回復量増加2と脆弱1を得る<br>特殊スキルに使用される<br><br>ラ・マンチャランド理髪師の人格専用効果<br>最大値が30になり、[血染めの鋏の刃]が10以上なら、[血染めの鋏の刃Ⅱ]に変換される。20以上なら、[血染めの鋏の刃Ⅲ]に変換される。<br>[-血染めの鋏の刃Ⅱ-]<br>R開始時、ダメージ量増加2、HP回復量増加3、脆弱1を得る<br>特殊スキルに使用される<br><br>[-血染めの鋏の刃Ⅲ-]<br>R開始時、ダメージ量増加3、HP回復量増加5、脆弱2を得る<br>特殊スキルに使用される<br><br>[裁縫対象] 最大1 デバフ<br>出血2ごとに受けるダメージが1増加（最大10）<br>R終了時消滅
11	ラ・マンチャランド 神父の人格	ラ・マンチャランド / 血鬼	188	49	1d6	普通	弱点	抵抗	なし	終油の秘跡/血に染まった手	色欲x5 保有	なし	R 終了時に出血ダメージを受ける。<br>自分を除くHP が最も低い味方のHPを15回復	なし	なし	なし	なし	色褪せた忍耐	防御：色欲<br>使用時：味方全員のSANを10回復。自分のHPが最大値の50％以下なら血餐を最大20消費し、消費した血餐だけ自分のHPを回復<br>5d5	なし	なし	なし	なし	当然の罰を…	打撃：憂鬱<br>使用時：出血2を得る<br>マッチ敗北時：次のRに出血5を得る<br>2d10：的中時、次のRに出血3を付与<br>2d10：的中時、[破裂爆発]。破裂を3消費	なし	なし	なし	なし	家族のための献身	打撃：暴食<br>対象の出血が6以上ならスキル威力+2<br>使用時：出血4を得る。血餐を最大50まで消費し、消費した血餐10ごとに[血に染まった手]1を得る<br>攻撃後：[血に染まった手]3を得る<br>3d7：的中時、次のRに出血2を付与<br>3d7：的中時、次のRに出血2を付与	なし	なし	なし	なし	締め付けてくる罪悪感	打撃：傲慢<br>対象の出血が6以上ならスキル威力+2<br>使用時：出血5を得る。血餐を最大30まで消費し、HPが最も低い味方のHPを消費した血餐の数だけ回復<br>6d3：的中時、破裂3を付与<br>6d3：的中時、[血に染まった手]2を得る	なし	なし	なし	なし	雪げぬ罪	打撃：色欲<br>対象の出血が6以上ならスキルd数+1<br>攻撃前：出血3を得る<br>使用時：[血に染まった手]が10以上なら、[血に染まった手]を最大20まで消費して下記の効果を得る<br>消費した数値x3だけ自分のHPを回復<br>消費した数値が10以上なら、スキル威力+2<br>消費した数値が20以上なら、最後のダイスを1回再使用<br>攻撃後：自分のHPを10回復<br>2d9：的中時、次のRに出血2と破裂2を付与<br>2d9：的中時、次のRに出血2と破裂2を付与<br>2d10：的中時、[破裂爆発]。破裂を4消費	なし	なし	なし	なし	なし	なし	なし	なし	[血に染まった手] 最大10 バフ<br>[-血に染まった手Ⅰ-]<br>特殊スキルに使用される<br>数値が10以上なら攻撃的中時、破裂1を付与<br><br>ラ・マンチャランド 神父の人格専用効果<br>最大値が30になる。[血に染まった手]が10以上なら、[血に染まった手Ⅱ]に変換される。 20 以上なら、[血に染まった手Ⅲ]に変換される。<br><br>[-血に染まった手Ⅱ-]<br>R開始時、ダメージ量増加1、HP回復量増加3を得る<br>攻撃的中時に破裂1を付与<br>特殊スキルに使用される<br><br>[-血に染まった手Ⅲ-]<br>R開始時、ダメージ量増加1、HP回復量増加3を得る<br>攻撃的中時に破裂1と出血1を付与<br>特殊スキルに使用される
12	ラ・マンチャランド 姫の人格	ラ・マンチャランド / 姫	160	55	1d8	弱点	抵抗	普通	なし	硬血の棘	色欲x3 嫉妬x2 保有	なし	自分を除く味方が出血ダメージを受けるか血餐を消費するごとに、[咲き出す棘]1を得る（1Rに3回）<br>自分が基本スキルで与えたダメージ量の20%だけ自分のHPを回復（ダイスごとに最大10）	なし	なし	なし	なし	ドンキホーテ流硬血15 式日傘	マッチ可能貫通反撃：色欲<br>使用時：自分を除く、最も出血の数が多い味方1名の出血を5減少<br>マッチ勝利時：[咲き出す棘]4を得る<br>2d9：的中時、次のRに出血2を付与<br>2d9	なし	なし	なし	なし	歩みは優雅に…	貫通：憤怒<br>[味方指定可能]<br>対象が味方ならマッチ威力が10増加しダメージ量が0に固定<br>2d10：的中時、出血3とダメージ量増加2を付与	なし	なし	なし	なし	身振りは美しく…	貫通：傲慢<br>戦闘開始時：血餐を最大20消費し、自分と最大HPが最も高い味方1名に、血餐10ごとに[咲き出す棘]1を付与（血鬼人格優先）<br>付与した味方が血鬼人格なら[咲き出す棘]を追加で1付与<br>血餐が消費できない場合、出血3を得る<br>使用時：対象の出血が6以上ならスキル威力+1<br>2d9<br>2d9：的中時、次のRに出血1と破裂1を付与	なし	なし	なし	なし	撒き散らし、磨り潰されよ	貫通：嫉妬<br>戦闘開始時：自分と最大HPが最も高い味方1名にパワー1を付与<br>さらに血餐を最大30消費し、血餐10ごとに[咲き出す棘]1を付与（血鬼人格優先）<br>付与した味方が血鬼人格なら[咲き出す棘]を追加で2付与<br>血餐が消費できない場合、出血5を得る<br>8d2<br>8d2：的中時、次のRに出血2と破裂1を付与<br>1d9+9：的中時、[破裂爆発]。破裂を3消費	なし	なし	なし	なし	幻想的なパレード	貫通：色欲<br>攻撃前：自分の[咲き出す棘]が3段階かつ5以上ならスキル威力+3、広域指定人数+2<br>使用時：自分の累計消費血餐10ごとにダメージ量+1（最大10）<br>攻撃後：[自分の咲き出す棘]を全て消費<br>2d11：的中時、破裂3と出血2を付与<br>2d11：的中時、破裂3と出血2を付与<br>4d4：的中時、[破裂爆発]。破裂を3消費	なし	なし	なし	なし	なし	なし	なし	なし	[咲き出す棘] 最大10 バフ<br>[-咲き出す棘Ⅰ-]<br>数値5ごとに保護1を得る<br>被ダメージ時、攻撃者へ出血1を付与してから数値1減少<br><br>ラ・マンチャランド 姫の人格専用効果<br>最大値が30になり、[咲き出す棘]が10以上なら、[咲き出す棘Ⅱ]に変換される。数値が20以上なら[咲き出す棘Ⅲ]に変換される。<br><br>[-咲き出す棘Ⅱ-]<br>数値5ごとに保護1を得る（最大3）<br>被ダメージ時、攻撃者へ出血1を付与してから数値1減少<br>スキルの出血付与量と破裂付与量+1<br>咲き出す棘Ⅱが消費され10以下になると前の段階に戻る<br>特殊スキルに使用される<br><br>[-咲き出す棘Ⅲ-]<br>数値5ごとに保護1を得る（最大5）<br>被ダメージ時、攻撃者へ出血1を付与してから数値1減少<br>破裂爆発で与えるダメージ量+5<br>スキルの出血付与量と破裂付与量+1<br>咲き出す棘Ⅲが消費され20以下になると前の段階に戻る<br>特殊スキルに使用される
13	ジア家家主候補の人格	ジア家 / H社	150	57	4d2	普通	弱点	抵抗	なし	破傷吸還	暴食x5 保有	なし	自分の攻撃スキルで敵討伐時、対象の破裂の数だけ呼吸を得る。マッチ進行時、対象の破裂の数より自分の呼吸の数の方が大きいなら、マッチ威力+1。対象の破裂の数が5以下なら破裂爆発で破裂を消費しない	なし	なし	なし	なし	秀回	回避：憂鬱<br>使用時：呼吸2を得る<br>8d2：回避成功時、呼吸2を得る	なし	なし	なし	なし	赤撃	打撃：憂鬱<br>対象のデバフの種類が5種類以上ならマッチ威力+1<br>使用時：対象の破裂3ごとにスキル威力+1（最大2）<br>マッチ勝利時：呼吸4を得る<br>6d2：的中時、破裂1を付与<br>6d2+2：的中時、破裂4を付与。クリティカル的中時、次のRにダメージ量増加1を得る	なし	なし	なし	なし	芭蕉丸丹	打撃：嫉妬<br>対象のデバフの種類が5種類以上ならマッチ威力+1<br>使用時：対象の破裂3ごとに呼吸1を得る（最大10）<br>敵討伐時：次のRにダメージ量増加2を得る<br>3d6：的中時、破裂2を付与<br>3d6：的中時、破裂2を付与<br>2d11：クリティカル的中時、対象の破裂5ごとに脆弱1を付与（最大3）	なし	なし	なし	なし	赤鳳	打撃：暴食<br>対象のデバフの種類が5種類以上ならスキル威力+3<br>使用時：対象の破裂が4以上ならスキル威力+2<br>1d22：的中時、破裂2を付与。クリティカル的中時、脆弱1を付与<br>1d25：的中時、破裂2を付与。クリティカル的中時、脆弱1を付与<br>1d25：的中時、対象の破裂の数だけ呼吸を得る（最大5）<br>1d28：的中時、[破裂爆発]。破裂を5消費。クリティカルダメージ量+5	なし	なし	なし	なし	赤春	斬撃：嫉妬<br>対象のデバフの種類が5種類以上なら広域指定人数+2<br>使用時：メインターゲットのデバフが5種類以上ならスキル威力+5<br>マッチ勝利時：破裂5を付与<br>9d2：的中時、[破裂爆発]。破裂を5消費。クリティカルダメージ量+10。クリティカル討伐時、ランダムな敵2名に破裂3付与	なし	なし	なし	なし	なし	なし	なし	なし	なし
14	東部親指カポ IIII の人格	親指	166	50	1d6	普通	普通	普通	6	天退星刀	憤怒x3 保有	舞台開始時、自分の弾丸を[虎標弾]へと[弾倉変換]。戦術4-1または戦術4-2を使うたびにこの戦闘中マッチ威力減少2 と脆弱1を永続的に得る	弾丸を戦闘中に10以上消費したなら、[再装填]し自分の弾丸を[猛虎標弾]へと[弾倉変換]し[剛気]1を得る	なし	なし	なし	なし	天退星刀 装填	マッチ可能斬撃反撃：憂鬱<br>攻撃後：[再装填]。自分の弾丸が[猛虎標弾]なら、かわりに[再装填-残弾維持]（戦闘中3 回のみ発動）<br>2d6：的中時、振動2 を付与<br>2d7：的中時、弾丸を1 消費。火傷3 を付与	なし	なし	なし	なし	二連斬	斬撃：傲慢<br>対象の火傷と振動の合計4ごとにスキル威力+1（最大2）自分の弾丸が[猛虎標弾]なら「二連斬-【爆】」に変更<br>2d8 ：的中時、振動2を付与<br>2d8 ：的中時、振動3を付与	二連斬-【爆】	斬撃：傲慢<br>対象の火傷と振動の合計4ごとにスキル威力+1（最大4）マッチ敗北時：弾丸を1減少<br>2d8：的中時、振動2を付与<br>2d8：破壊不能ダイス。的中時、弾丸を1消費し振動5と火傷3 を付与	なし	なし	三連撃	斬撃：嫉妬<br>対象の火傷と振動の合計4ごとにスキル威力+1（最大2）自分の弾丸が[猛虎標弾]なら「三連撃-【爆】」に変更<br>2d9：的中時、振動2を付与<br>2d9：的中時、振動2を付与<br>4d3+2：的中時、[振動爆発]。振動を1消費	三連撃-【爆】	斬撃：嫉妬<br>対象の火傷と振動の合計4ごとにスキル威力+1（最大4）<br>マッチ敗北時：弾丸を1減少<br>2d9：的中時、振動2を付与<br>2d9：的中時、弾丸を1消費し振動2と火傷2を付与<br>4d3+2：破壊不能ダイス。的中時、弾丸を1消費し火傷4を付与。破壊されずに的中時、[振動爆発] を2回発動し、振動を5消費	なし	なし	爆砕斬	斬撃：暴食<br>対象の火傷と振動の合計6ごとにスキル威力+1（最大3）<br>マッチ敗北時：SANを15減少<br>3d5+1：破壊不能ダイス。的中時、弾丸を1消費し火傷3と振動3を付与<br>3d5+1：破壊不能ダイス。的中時、弾丸を1消費し火傷3と振動3を付与。破壊されずに的中時、振動-灼熱へと[振幅変換]<br>3d5+1：破壊不能ダイス。的中時、弾丸を1消費し火傷3を付与。破壊されずに的中時、[振動爆発]を2回発動し、振動を3消費	なし	なし	なし	なし	快刀亂麻	斬撃：憤怒<br>自分の弾丸が[猛虎標弾]なら「超絶猛虎殺撃乱斬」に変更<br>攻撃後：[再装填]（戦闘中1回のみ発動）<br>10d2：破壊不能ダイス。的中時、弾丸を全て消費。的中時、消費した弾丸の数だけ火傷を付与。破壊されずに的中時、[振動爆発]を3回発動し、振動を5消費	超絶猛虎殺撃乱斬	斬撃：憤怒<br>使用時：メインターゲットの火傷と振動の合計10ごとに広域指定人数+1（最大2）<br>攻撃後：[再装填-残弾維持]（戦闘中1回のみ発動）<br>マッチ敗北時：弾丸を3減少<br>4d4：破壊不能ダイス。弾丸を1消費。このダイスで弾丸を消費したなら、的中時、火傷4を付与<br>4d4：破壊不能ダイス。弾丸を1消費。このダイスで弾丸を消費したなら、的中時、火傷4を付与<br>4d5：破壊不能ダイス。弾丸を1消費。このダイスで弾丸を消費したなら、的中時、振動4を付与<br>4d5：破壊不能ダイス。弾丸を1消費。このダイスで弾丸を消費したなら、的中時、振動6を付与<br>4d5：破壊不能ダイス。弾丸を1消費。破壊されずに的中時、振動-灼熱へ[振幅変換]<br>4d6：破壊不能ダイス。弾丸を1消費。破壊されずに的中時、[振動爆発]を4回発動し、対象の振動と火傷を除去	なし	なし	なし	なし	なし	なし	[弾丸-虎標弾]<br>-弾丸を消費するダイスのダメージ量+2。<br>火傷付与量と振動付与量+1<br>消費することで特定戦術の能力が向上<br>[弾丸-猛虎標弾]<br>-弾丸を消費するダイスのダメージ量+3。<br>火傷付与量と振動付与量+2。<br>自分の速度が対象より早ければ振動爆発ダメージ量+5<br>-消費することで特定戦術の能力が向上<br><br>[剛気] 最大1 バフ<br>速度が1d8 に変更<br>自分の速度が対象より2 以上早ければマッチ威力+1<br>今回の戦闘の間、自分が消費した弾丸が30 以上なら[剛気-心]に変更<br><br>[剛気-心] 最大1 バフ<br>速度が4d2 に変更<br>自分の速度が対象より2 以上早ければマッチ威力+2
15	黒雲会副組長の人格	黒雲会	149	50	1d7+1	抵抗	弱点	普通	なし	墨雲	色欲x3 共鳴	なし	マッチ勝利時、次のRに出血3を付与<br>自分を除く黒雲会所属の味方の戦術1にダメージ量減少付与効果が存在しなければ、その1ダイス目に「的中時、ダメージ量減少1を付与」を追加	なし	なし	なし	なし	後始末	斬撃反撃：色欲<br>2d10：的中時、次のRに斬撃脆弱2を付与	なし	なし	なし	なし	乱れ散る雲	斬撃：色欲<br>使用時：対象の出血が5以上なら対象の受ける出血ダメージ量+2<br>2d9：的中時、次のRに出血2を付与<br>2d9：的中時、次のRにダメージ量減少1を付与	なし	なし	なし	なし	裏路地の掟	斬撃反撃：嫉妬<br>使用時：自分を除く生存している黒雲会所属の味方1名ごとに最初のダイスを再使用（最大3）<br>2d8：的中時、次のRに出血2を付与<br>敵討伐時、全ての味方のSANを20回復	なし	なし	なし	なし	鋭い刃	斬撃：憤怒<br>戦闘開始時：斬撃スキルを持つ味方全員に斬撃ダメージ量増加2を付与<br>4d4+2<br>5d4+2：的中時、次のRにダメージ量減少2を付与	なし	なし	なし	なし	墨塗り	斬撃：傲慢<br>戦闘開始時：メインターゲットの出血の数が10以上なら広域指定人数+1<br>マッチ勝利時：対象の出血の数が7以上ならダメージ量+3<br>5d3：マッチ勝利的中時、次のRに出血2を付与<br>5d3：マッチ勝利的中時、次のRに出血3を付与<br>8d2+4：的中時、対象のダメージ量減少の数が5以上なら次のRに出血10を付与	なし	なし	なし	なし	なし	なし	なし	なし	なし
16	剣契頭目の人格	剣契	159	55	2d3+1	抵抗	普通	弱点	なし	本国剣術	傲慢x3 共鳴	斬撃スキル威力+2	スキル効果で呼吸を得る時、呼吸の保有数が最も少ない味方1名に呼吸2を付与、剣契所属なら代わりに4付与<br>戦闘に参加した剣契が6名以上なら代わりに全ての味方が呼吸4を得る<br>戦闘開始時、剣契所属の全ての味方に本国剣術1を付与	なし	なし	なし	なし	殺主	斬撃反撃：嫉妬<br>使用時：次のRに斬撃威力増加1を得る<br>1d8+10	なし	なし	なし	なし	抜剣	斬撃：傲慢<br>自分の呼吸の数が6以上ならスキル威力+1<br>使用時：呼吸4を得る<br>2d9：的中時、呼吸2を得る<br>2d9：的中時、呼吸2を得る	なし	なし	なし	なし	切動	斬撃：傲慢<br>自分の呼吸の数が7以上ならスキル威力+1<br>戦闘開始時：自分を除く味方全員の斬撃スキル威力+1<br>3d8<br>2d8：的中時、呼吸3を得る<br>1d17：クリティカルダメージ量+6	なし	なし	なし	なし	刺法	斬撃：傲慢<br>自分の呼吸の数が7以上ならスキル威力+1<br>使用時：呼吸4を得る<br>マッチ勝利時：次のRに斬撃威力1を得る<br>2d10：的中時、次のRに脆弱2を付与<br>7d2+2：クリティカルダメージ量+8	なし	なし	なし	なし	肉斬	斬撃：憤怒<br>マッチ勝利時：呼吸5を得る<br>マッチ敗北時：対象の攻撃終了後、骨断を使用する<br>21-1d20：クリティカルダメージ量+10	骨断	斬撃：傲慢<br>使用時：自分の失ったHP10ごとにダメージ量+1（最大10）<br>27-1d24<br>29-1d27<br>34-1d33<br>40-1d38：的中時、自分の呼吸の数だけ固定ダメージを与える。クリティカルダメージ量+10	なし	なし	なし	なし	なし	なし	[本国剣術] 最大1 バフ<br>斬撃威力1増加。<br>クリティカルダメージ量+2<br>R終了時消滅
17	○○のミートパイ厨房長の人格	〇〇のミートパイ	140	59	1d6+1	抵抗	弱点	普通	なし	即席料理	色欲x5 保有	なし	敵討伐時、HPが最も低い味方のHPを15回復（1Rに1回）<br>[渇き]がある場合は全て消費し、消費した[渇き]の数x2だけHPを追加で回復（最大20）	なし	なし	なし	なし	新鮮な材料発見	回避：色欲<br>9d2：回避成功時、次のRにクイック1を得る	なし	なし	なし	なし	料理の支度	斬撃：憤怒<br>2d9：的中時、次のRに出血1を付与<br>2d10：的中時、[渇き]2を得る	なし	なし	なし	なし	残酷に	斬撃：暴食<br>使用時：後方の味方1名にパワー1、出血付与量増加1、沈潜2を付与<br>4d3+3<br>2d10：的中時、対象の出血の数だけHP回復（最大20）	なし	なし	なし	なし	食材狩り	貫通：嫉妬<br>使用時：[渇き]1を得る<br>2d9+2：的中時、次のRに束縛1を付与<br>2d9+2：的中時、次のRに出血3を付与<br>7d2+3：的中時、対象に出血または麻痺があれば次のRにHP回復量減少4を付与	なし	なし	なし	なし	なんでも料理出来るわよ	斬撃：色欲<br>対象の失ったHP10ごとにダメージ量+1（最大8）<br>2d8+3：的中時、[渇き]があるなら最後のダイスのダメージ量+4<br>2d8+3：的中時、[渇き]があるなら最後のダイスのダメージ量+2<br>2d8+3：的中時、[渇き]があるなら最後のダイスのダメージ量+1<br>2d10	なし	なし	なし	なし	なし	なし	なし	なし	[渇き] 最大10 バフ<br>対象の出血ダメージをマッチ中に3回発動させたなら数値が1増加（1Rに最大3）<br>特定パッシブ発動により全て消費
18	奥歯事務所代表の人格	奥歯事務所	149	58	2d2+2	抵抗	弱点	普通	なし	武勇伝	怠惰x5 保有	なし	振動爆発時、消費した振動の数だけランダムな味方1名に振動を付与（最大10）	なし	なし	なし	なし	二日酔いの解消	防御：怠惰<br>使用時：自分の振動の数だけバリアを得る<br>8d2<br>8d2	なし	なし	なし	なし	待て！	斬撃：憤怒<br>このスキルが捨てられると振動5を得る<br>使用時：ランダムなスキルを1つ捨てる。振動2を得る。自分の振動の数が6以上ならスキル威力+2<br>2d10：的中時、自分の振動の数だけSANを回復（最大10）	なし	なし	なし	なし	マージン	回避：怠惰<br>このスキルが捨てられるとパワー2と振動4を得る<br>戦闘開始時：前のRでスキルを捨てたなら次のRにパワー1を得る<br>7d2：回避成功時、振動2を付与<br>8d2：回避成功時、振動2を付与	なし	なし	なし	なし	引き裂く	打撃：色欲<br>このスキルが捨てられるとダメージ量増加2を得る<br>使用時：ランダムなスキルを1つ捨てる。後方の味方1名にダメージ量増加2を付与<br>3d6：的中時、振動2を付与<br>3d7：的中時、振動2を付与<br>3d7：的中時、自分の振動の数が6以上なら対象に[振動爆発]。振動を1消費	なし	なし	なし	なし	思い切った判断	打撃：怠惰<br>使用時：1~4のスキルを全て捨てる。自分の振動が10以上なら振動を10消費してスキル威力+2<br>4d4+1：的中時、振動4を付与<br>4d4+1：的中時、使用時効果で振動を消費したなら振動3を付与<br>7d3：的中時、[振動爆発]を3回発動し、振動を3消費	なし	なし	なし	なし	なし	なし	なし	なし	なし
19	終止符事務所代表の人格	終止符事務所	149	58	2d2+2	普通	抵抗	弱点	18	集中	なし	なし	舞台開始時、最初のRのスキル威力+3。<br>弾丸が0の間、銃撃を撤廃。<br>呼吸が10以上の時、クリティカル判定が呼吸x5から呼吸x10になる	なし	なし	なし	なし	影の向こう	マッチ可能斬撃反撃：傲慢<br>クリティカルダメージ量+2<br>使用時：呼吸4を得る<br>R終了時：[再装填]（戦闘中1度のみ）<br>8d2：的中時、呼吸1を得る<br>5d2：的中時、呼吸1を得る	なし	なし	なし	なし	発射	貫通：怠惰<br>使用時：呼吸5を得る<br>攻撃後：保有弾丸数が0ならこのスキルを捨てる<br>2d7：銃撃。的中時、弾丸を1消費<br>2d7：銃撃。的中時、弾丸を1消費し呼吸3を得る<br>2d9：銃撃。的中時、弾丸を1消費し呼吸3を得る	なし	なし	なし	なし	ターゲット捕捉	貫通：憂鬱<br>使用時：呼吸4を得る<br>3d6：的中時、呼吸3を得る<br>4d5：銃撃。的中時、弾丸を任意の数消費（最低1、最大3）。クリティカルダメージ量が消費した弾丸の数x2だけ増加（最大6）<br>3d6：的中時、次のRに束縛1と虚弱1を付与	なし	なし	なし	なし	ヘッドショット	貫通：嫉妬<br>対象の速度が自分より低ければ、対象との速度差2ごとにクリティカルダメージ量+2（最大6）<br>使用時：呼吸4を得る。次のRから2Rの間クイック1を得る<br>攻撃後：保有弾丸数が0ならこのスキルを捨てる<br>29-4d7：銃撃。的中時、弾丸を1消費し貫通脆弱2を付与。クリティカル的中時、次のRに貫通脆弱2を付与	なし	なし	なし	なし	人生の終止符	貫通：傲慢<br>使用時：呼吸8を得る<br>マッチ勝利時：呼吸2を得て、呼吸-終止符へと[深吸変換]<br>攻撃後：弾丸が無いならこのスキルを捨てる<br>3d8：銃撃。的中時、弾丸を任意の数消費（最低1、最大3）。クリティカルダメージ量が消費した弾丸の数x2だけ増加（最大6）。ダメージ量の半分だけSANを回復（最大10）<br>3d8：銃撃。的中時、弾丸を任意の数消費（最低1、最大3）。クリティカルダメージ量が消費した弾丸の数x2だけ増加（最大6）。ダメージ量の半分だけSANを回復（最大10）<br>2d10+3：対象が混乱状態ならクリティカルダメージ量+4。的中時、次のRに束縛1と貫通脆弱1を付与	なし	なし	なし	なし	なし	なし	なし	なし	なし
20	夜明事務所代表の人格	夜明事務所	160	50	3d2+1	抵抗	普通	弱点	なし	暁の火	憤怒x3 共鳴	なし	火傷状態の敵とのマッチ威力+1<br>火傷状態の敵に攻撃的中時、固定SAN ダメージ4を与える	なし	なし	なし	なし	夜明け	マッチ可能斬撃反撃：憤怒<br>対象の火傷6ごとにスキル威力+1（最大4）<br>戦闘開始時：火傷が30以上の敵がいるなら、このスキルのダイスを除去し、戦術4「明け方」のダイスをコピーする<br>7d2：的中時、火傷4を付与	なし	なし	なし	なし	依頼処理	斬撃：怠惰<br>3d6+2：的中時、火傷2を付与	なし	なし	なし	なし	黎明の閃光	斬撃：傲慢<br>戦闘開始時：火傷状態の敵1名ごとにこのスキルで与えるダメージ量+1（最大5）<br>一方攻撃時：火傷脆弱5を付与<br>2d10：的中時、火傷1を付与<br>2d14：的中時、火傷1を付与。対象の火傷が30以上ならこのダイスを再使用（最大1回）	なし	なし	なし	なし	茜さす剣	斬撃：嫉妬<br>対象の火傷4ごとにスキル威力+1（最大3）<br>攻撃後：後方の味方1名に火傷付与量増加１を付与<br>4d3+1：的中時、火傷2を付与<br>4d3+1：的中時、火傷2を付与<br>2d9+2	なし	なし	なし	なし	明け方	斬撃：憤怒<br>対象の火傷4ごとにスキル威力+1（最大8）<br>使用時：次のRにランダムな味方2名に保護2を付与<br>7d3：対象の火傷2ごとにダメージ量+1（最大20）。的中時、火傷4を付与	なし	なし	なし	なし	なし	なし	なし	なし	なし
21	ピークォド号一等航海士の人格	ピークォド号	145	50	2d3	弱点	抵抗	普通	なし	恐れの嘆息	傲慢x2 共鳴	なし	クリティカル成功率-20％。クリティカルダメージ量+4	なし	なし	なし	なし	回避	回避：傲慢<br>2d10	なし	なし	なし	なし	堀り穿つ	貫通：傲慢<br>使用時：呼吸3を得る<br>2d8<br>2d8：的中時、次のRに束縛2出血1を付与	なし	なし	なし	なし	突き抜く	貫通：憤怒<br>使用時：呼吸4を得る<br>2d7+1<br>2d7+1：的中時、出血1を付与<br>2d8+2：的中時、出血1を付与	なし	なし	なし	なし	刺して刺して刺す	貫通：嫉妬<br>自分の呼吸が10以上ならマッチ威力+1<br>使用時：呼吸2を得る<br>4d3：的中時、呼吸2を得る<br>3d5：的中時、次のRに出血1を付与。クリティカル攻撃的中時、呼吸x5％の確率（最大100％）でこのダイスを再使用（最大3回）	なし	なし	なし	なし	急襲	貫通：暴食<br>自分の呼吸が7以上ならスキルd値+1<br>使用時：呼吸3を得る<br>3d4<br>2d10：的中時、出血4を付与。クリティカル的中時、次のRに出血6を付与	なし	なし	なし	なし	なし	なし	なし	なし	なし
22	ピークォド号銛使いの人格	ピークォド号	180	50	2d3	弱点	抵抗	普通	なし	穿たれた刺青	嫉妬x5 保有	なし	自分を含む味方が敵からダメージを2回受けるたびに次のRにマッチ威力増加1と混乱保護1を得る（最大2）。自分の減少HP10%ごとにダメージ量+1（最大5）	なし	なし	なし	なし	お返し	貫通反撃：憤怒<br>戦闘開始時：自分の呼吸だけバリアを得る（最大20）<br>使用時：次のRに挑発値5を得る<br>2d5+4<br>2d5+6	なし	なし	なし	なし	獲物追跡	貫通：傲慢<br>使用時：呼吸4を得て次のRに挑発値5を得る<br>3d3+2<br>3d3+3：的中時、出血2を付与	なし	なし	なし	なし	生存への意地	貫通：色欲<br>クリティカルダメージ量+3<br>使用時：呼吸4を得る<br>5d2<br>5d2<br>2d10：的中時、与えたダメージの25％だけHP回復（最大10）	なし	なし	なし	なし	銛穿ち	貫通：嫉妬<br>使用時：対象の出血3につき呼吸1を得る（最大10）<br>3d4<br>3d5：クリティカル的中時、対象の出血の1/3だけ次のRに出血を付与（最大10）<br>2d5	なし	なし	なし	なし	結び目を絶つ	貫通：嫉妬<br>嫉妬共鳴が3以上ならマッチ威力+1<br>嫉妬共鳴が4以上ならスキルd値+1<br>嫉妬共鳴が6以上ならスキルd値+1<br>4d2：的中時、次のRに出血1を付与。自分のHPが75％以下なら追加で1付与。自分のHPが50％以下ならさらに追加で1付与<br>4d2：的中時、次のRに出血1を付与。自分のHPが75％以下なら追加で1付与。自分のHPが50％以下ならさらに追加で1付与<br>4d2<br>4d3：クリティカルダメージ量+5	なし	なし	なし	なし	なし	なし	なし	なし	なし
23	デッドラビッツ ボスの人格	デッドラビッツ	155	50	3d2	普通	弱点	抵抗	なし	爆発する感情	嫉妬x3 保有	なし	戦闘開始時、ランダムな[爆発する感情]1を得る	なし	なし	なし	なし	反撃	打撃反撃：嫉妬<br>使用時：次のRにパワー1を得る<br>2d9+2：的中時、出血3を付与	なし	なし	なし	なし	バットで殴る	打撃：嫉妬<br>4d3：的中時、破裂3を付与<br>2d9：過半数的中時、破裂3を付与	なし	なし	なし	なし	打ち落とす	打撃：憤怒<br>マッチ勝利時：次のRにパワー1を得る<br>6d2：過半数的中時、破裂3を付与<br>6d2<br>7d2：的中時、対象の破裂/3だけ出血を付与（最大5）	なし	なし	なし	なし	贖罪の時間だ	打撃：嫉妬<br>対象の破裂が5以上ならマッチ威力+1<br>対象の出血が5以上ならマッチ威力+1<br>3d4：的中時、破裂1と出血1を付与<br>3d4：的中時、破裂1と出血2を付与<br>3d5<br>3d6：的中時、[破裂爆発]。破裂を4消費。過半数的中時、[破裂爆発]	なし	なし	なし	なし	腹いせ	打撃：憂鬱<br>対象の破裂が5以上ならマッチ威力+1<br>対象の出血が5以上ならマッチ威力+1<br>マッチ勝利時：破裂3を付与<br>4d4：過半数的中時、最後のダイス威力+2<br>4d4：過半数的中時、最後のダイス威力+2<br>2d10：的中時、次のRに麻痺3を付与し[破裂爆発]。破裂を5消費	なし	なし	なし	なし	なし	なし	なし	なし	[爆発する感情] 最大1 中立バフ<br>[爆発する憤怒]、[爆発する嫉妬]、[爆発する憂鬱]、[深い喪失]の中からランダムに効果を適用する<br><br>[爆発する憤怒]<br>自分が使用するスキルが憤怒スキルならスキル威力+2<br>憤怒スキルから受けるダメージ量+3。その他の大罪から受けるダメージ量-2<br>被ダメージ時、対象にダメージ量増加1と脆弱2を付与（1Rに最大3）<br>R終了時、消滅<br><br>[爆発する嫉妬]<br>自分が使用するスキルが嫉妬スキルならスキル威力+2<br>嫉妬スキルから受けるダメージ量+3。その他の大罪から受けるダメージ量-2<br>被ダメージ時、対象にダメージ量増加1と出血2を付与し次のRに脆弱1を得る（1Rに最大3）<br>R終了時、消滅<br><br>[爆発する憂鬱]<br>自分が使用するスキルが憂鬱スキルならスキル威力+2<br>憂鬱スキルから受けるダメージ量+3。その他の大罪から受けるダメージ量-2<br>被ダメージ時、対象に固定SANダメージ3を与え、沈潜1を得て次のRにダメージ量増加1を得る（1Rに最大3）<br>R終了時、消滅<br><br>[深い喪失]<br>戦闘開始時、速度値-5、脆弱3を得る<br>R終了時、消滅
24	落ちぶれたワザリング・ハイツ後継者の人格	ワザリングハイツ	180	40	3d2	普通	弱点	抵抗	なし	掛け間違えたボタン	嫉妬x2 憂鬱x2 保有	なし	マッチ敗北時、対象に沈潜2を付与<br>被ダメージ時、攻撃者に沈潜1を付与	なし	なし	なし	なし	反撃	打撃反撃：憂鬱<br>対象の沈潜6ごとにスキル威力+1（最大2）<br>2d7：的中時、沈潜1を付与<br>2d7：的中時、沈潜1を付与<br>2d5	なし	なし	なし	なし	雑魚どもが！	打撃：傲慢<br>マッチ敗北時：次のRにパワー2を得る<br>3d3：的中時、沈潜3を付与<br>3d3	なし	なし	なし	なし	片付けてやる	打撃：憂鬱<br>使用時：対象の沈潜が10以上なら、[邸宅の木霊]1を付与<br>2d8<br>2d8：的中時、沈潜2を付与。マッチ勝利的中時、4の打撃ダメージを与える	なし	なし	なし	なし	潰してやる	打撃：憤怒<br>対象の沈潜6ごとにマッチ威力+1（最大2）<br>マッチ勝利時：対象の沈潜3ごとにスキル威力+1（最大3）<br>6d2：的中時、脆弱1を付与<br>6d2：的中時、対象の沈潜1回発動。対象の沈潜を4減少。過半数的中時、対象の沈潜が10以上ならこのダイスを1度だけ再使用	なし	なし	なし	なし	ボタンを直すぞ	打撃：嫉妬<br>対象の沈潜が10以上ならマッチ威力+2<br>使用時：対象が[邸宅の木霊]状態ならダメージ量+3<br>マッチ勝利時：対象の沈潜が5以上ならスキル威力+1<br>4d2<br>4d3：的中時、対象の沈潜/4だけSAN回復（最大6）<br>4d4：的中時、対象の沈潜/4だけSAN回復（最大6）<br>4d4：的中時、対象の沈潜/4だけSAN回復（最大6）。対象の沈潜が10以上なら[邸宅の木霊]3を付与	なし	なし	なし	なし	なし	なし	なし	なし	[邸宅の木霊] 最大3 デバフ<br>自分の精神が邸宅の木霊に変更される。<br>沈潜が付与される時、追加で沈潜1を得る<br>R終了時1減少 
25	剣契殺手Cの人格	剣契	150	45	2d3	抵抗	普通	弱点	なし	梅が如く咲き出る血	傲慢x4 保有	なし	クリティカル的中時、[紅梅]1を付与<br>対象の[紅梅]が10なら代わりに脆弱1を付与（最大3）	なし	なし	なし	なし	受け流す	防御：憂鬱<br>使用時：自分の呼吸4ごとにスキル威力+1（最大5）<br>7d2	なし	なし	なし	なし	月下剣舞	斬撃：怠惰<br>自分の呼吸が5以上ならスキルd値+2<br>使用時：呼吸2を得る<br>2d6<br>2d6：過半数的中時、呼吸1を得る<br>2d7：クリティカル的中時、[紅梅]1を付与	なし	なし	なし	なし	抜剣	斬撃：傲慢<br>使用時：呼吸3とクリティカル成功率上昇2を得る<br>7d2：的中時、次のRに呼吸3を得る。クリティカル的中時、[紅梅]1を付与	なし	なし	なし	なし	刺法	貫通：傲慢<br>自分の呼吸が7以上ならスキル威力+1<br>使用時：呼吸2を得る<br>6d2：的中時、呼吸2を得る。クリティカルダメージ量+4<br>2d9：的中時、次のRに束縛1を付与。クリティカル的中時、[紅梅]2を付与	なし	なし	なし	なし	舞い散る紅梅	斬撃：憂鬱<br>対象の[紅梅]/2だけダメージ量増加<br>自分の呼吸7ごとにスキル威力+1（最大3）<br>マッチ勝利時：このRの間、クリティカル成功による呼吸減少がダイスx1になる。このスキルでクリティカル的中時、[紅梅]が減少しない<br>7d2：クリティカル的中時、[紅梅]5を付与。対象の紅梅が10なら斬撃脆弱1を付与<br>7d2：クリティカル的中時、[紅梅]5を付与。対象の[紅梅]が10なら斬撃脆弱1を付与	なし	なし	なし	なし	なし	なし	なし	なし	[紅梅] 最大10 デバフ<br>特殊出血<br>メインターゲットとして攻撃を受けるなら、攻撃前に対象のクリティカル発動率+10％<br>クリティカル攻撃で被ダメージ時に数値の半分だけ出血を得て、被クリティカルダメージ量が（数値/2）だけ増加<br>被ダメージ時に1減少
26	W社4級整理要員-CCAの人格	W社	170	48	1d6+1	普通	弱点	抵抗	なし	コンジェスチョンクリーニング・アーマー	嫉妬x3 共鳴	戦闘中に累計で充電を10消費する度に電圧1を得る	戦闘開始時に自分のHPが50%未満なら、電圧x3だけバリアを得る（最大30）	なし	なし	なし	なし	CCA過充電	マッチ可能防御：嫉妬<br>戦闘開始時：充電が15未満なら次のRに[過充電]を得る<br>2d10	なし	なし	なし	なし	混雑乗客の整理	打撃：暴食<br>自分の充電5ごとにマッチ威力+1（最大3）<br>使用時：自分の充電が7以上ならスキル威力+1<br>2d7+1：的中時、充電4を得て対象に破裂2を付与<br>2d8+1：的中時、[破裂爆発] 破裂を3消費	なし	なし	なし	なし	次元の狭間	打撃：傲慢<br>自分の電圧2ごとにスキル威力+1（最大2）<br>使用時：充電5を得る<br>7d2+1：的中時、破裂2を付与<br>6d2+3：的中時、破裂3を付与	なし	なし	なし	なし	ブースト・エルボーカッター	打撃：憂鬱<br>戦闘開始時：充電力場を2+自分の電圧だけ得る（最大8）<br>使用時：自分の充電が10以上なら充電を8消費してスキルd値+1。自分の電圧が3以上なら追加でスキルd値+1<br>5d2：的中時、破裂2を付与<br>5d2+2：的中時、[破裂爆発]を2回発動し、破裂を6消費	なし	なし	なし	なし	空間切断-CCAオーバードライブ	打撃：嫉妬<br>戦闘開始時：自分の電圧が3以上、またはHPが50％未満ならこのスキルのすべてのダイスを破壊不能ダイスに変更。この効果が発動した状態でマッチ敗北時、スキル威力+4<br>使用時：自分の電圧だけマッチ威力増加（最大5）。充電が10以上なら充電を10消費してスキルd値+3<br>4d2：過半数的中時、充電5を得る<br>4d2：過半数的中時、充電5を得る<br>4d2：過半数的中時、充電5を得る<br>3d1：充電を最大15まで消費し消費した充電5ごとにスキルd値+2。的中時、[破裂爆発] 破裂2消費	なし	なし	なし	なし	なし	なし	なし	なし	[過充電] 最大1 中立バフ<br>行動不能になる<br>被ダメージ量が1+（自分の電圧/2）だけ減少（最大5）<br>R開始時、自分の電圧だけ充電力場を得る（最大5）<br>R終了時、次のRに充電10とパワー2を得てこの効果が消滅<br>被ダメージ時、次のRに充電1と負荷1を得る（最大5） <br>自分が混乱したか、侵蝕状態になったらこの効果が消滅<br><br>[負荷] 最大6 バフ<br>充電を消費した攻撃スキルのダメージ量が数値1ごとに1増加<br>このバフを保有している対象がW社所属なら、代わりに数値1ごとに2増加（最大8）<br>R終了時、消滅
27	ラ・マンチャランド 王子の人格	ラ・マンチャランド,血鬼	180	45	2d3	抵抗	普通	弱点	なし	「血をまとい、仮面を被り、血が命ずるままに」	色欲x3 傲慢x3 保有	なし	戦闘開始時、自分に[硬血甲冑]があるなら数値によって以下の効果を得る<br>3以上：ダメージ量増加1と保護1を得る<br>4以上：次のRにクイック2を得る」<br>自分に[演技集中]があるなら攻撃的中時に[ラ・マンチャパレード]1を付与（1Rに2回）	なし	なし	なし	なし	硬血式グレイブ	マッチ可能斬撃反撃：色欲<br>使用時：自分を含む味方2名に出血5を付与して1回発動し出血を削除（出血を最も多く保有している味方優先。このダメージでHPが1未満に減少しない）<br>マッチ勝利時：[硬血甲冑]1を得る<br>5d2：的中時、次のRに出血1を付与<br>5d2+2：的中時、次のRに出血1を付与	なし	なし	なし	なし	跪け	斬撃：憤怒<br>対象の出血が8以上ならスキル威力+2<br>使用時：血餐が100以下なら、対象の出血を全て消費し、消費した値x3だけ血餐を得る<br>2d9：的中時、次のRに出血4を付与	なし	なし	なし	なし	行進指揮	斬撃：嫉妬<br>対象の出血が6以上ならスキルd値+1<br>使用時：自分と最大HPが最も低い味方1名へ血餐を最大10消費して血餐5ごとに[硬血甲冑]1を付与（ラ・マンチャランド所属の血鬼の味方に優先して付与）。血餐を消費できなければ、出血2を得る<br>3d3+2：的中時、破裂2を付与<br>3d3+2：的中時、次のRに出血2を付与<br>2d8：的中時、[破裂爆発]。破裂を3消費	なし	なし	なし	なし	血紅色の渇求	斬撃：傲慢<br>対象の出血4ごとにスキル威力+1（最大2）<br>自分の[硬血甲冑]1ごとに、ダメージ量+1（最大3）<br>使用時：自分と最大HPが最も低い味方1名へ血餐を最大10消費して血餐5ごとに[硬血甲冑]1を付与（ラ・マンチャランド所属の血鬼の味方に優先して付与）。血餐を消費できなければ、出血4を得る。付与した味方がラ・マンチャランド所属なら、[硬血甲冑]1を追加で付与<br>4d3：的中時、次のRに破裂2と出血2を付与<br>4d3+1：的中時、次のRに色欲脆弱3を付与	なし	なし	なし	なし	パレードの王子	斬撃：色欲<br>与えたダメージの50％だけHPを回復（ダイスごとに最大20）<br>使用前：自分の[硬血甲冑]が5なら広域指定人数が2増加し自分を除く味方2名へ[硬血甲冑]を2付与（ラ・マンチャランド所属の血鬼の味方に優先して付与）。色欲が4共鳴以上なら付与対象+2<br>使用時：メインターゲットの出血3ごとに、マッチ威力+2(最大8)。メインターゲットの出血2ごとにダメージ量+2（最大10）<br>敵討伐時：血餐が10増加<br>攻撃後：[硬血甲冑]が5なら[硬血甲冑]を削除<br>3d5：的中時、次のRに出血3を付与<br>3d5：的中時、破裂3を付与<br>2d9：的中時、[破裂爆発]。破裂を2消費。過半数的中時、対象の出血を出血-渇きへ[血蓮変換]<br>2d10：破壊不能ダイス。的中時、[ラ・マンチャパレード]2を付与。破壊されずに的中時、このスキルで対象を混乱、討伐したなら対象1名ごとに次のRに[硬血甲冑]1を得る	なし	なし	なし	なし	なし	なし	なし	なし	[硬血甲冑] 最大5 バフ<br>自分のHPが減少した状態なら、攻撃終了時に与えたダメージ量の10％だけHP回復。（最大10）<br>R終了時、1減少<br>色欲共鳴が2以上なら回復量が5％になる代わりに[硬血甲冑]の数値が減少しない<br>[ラ・マンチャランド所属専用効果] <br>ダメージによる混乱状態の時、混乱状態を解除し自分の[硬血甲冑]を0にする。<br>数値が5ならR開始時、[演技集中]1を得る<br><br>[演技集中] 最大3 バフ<br>スキル1とスキル2のダメージ量が数値1ごとに1増加（最大3）<br>スキル3のスキル威力+1。数値1ごとにダメージ量+1（最大3）<br>スキル4のスキル威力+2。数値1ごとにダメージ量+1（最大3）<br>スキル4の攻撃終了時またはR開始時、[硬血甲冑]がなければ1減少<br><br>[ラ・マンチャパレード] 最大4 デバフ<br>色欲スキルによる被ダメージ量+2<br>攻撃者がラ・マンチャランド所属なら大罪属性に関係なく被ダメージ量+3<br>数値が最大ならラ・マンチャランド所属人格への与ダメージ量-5<br>被ダメージ時、自分にダメージを与えたスキルが終了後に数値を1減少
28	夜の錐カピターノの人格	夜の錐	160	50	1d7	普通	抵抗	弱点	なし	ファミリーの粛正人	色欲x2 怠惰x2 保有	なし	敵討伐時、次のRに貫通威力増加2を得る<br>味方が敵に基本スキルで攻撃終了時、敵のHPが20%以下か混乱状態なら「メルチェ」を使用（1Rに最大2回）	なし	なし	なし	なし	フェイント	マッチ可能防御：色欲<br>戦闘開始時：次のRにクイック2を得る<br>マッチ勝利時：振動3を付与<br>マッチ敗北時：「メルチェ」を使用<br>2d10+2	なし	なし	なし	なし	隙を突く	貫通：怠惰<br>対象の出血と振動の合計10ごとにスキルd値+1（最大2）<br>使用時：次のRにクイック1を得る<br>2d7：的中時、次のRに振動2と出血2を付与<br>2d7：的中時、[傷]1を付与	メルチェ	貫通：怠惰<br>[マッチ不可]<br>このスキルは対象の守備スキルを発動せず、大罪資源を獲得しない<br>対象の減少HP10ごとにダメージ量+1（最大10）<br>対象のHPが20％以下ならスキルd値+5 ダメージ量+100％<br>使用時：次のRにクイック1を得る<br>2d9：的中時、次のRに出血1と振動2と[傷]1を付与	なし	なし	好機を掴む	貫通：暴食<br>対象の出血と振動の合計10ごとにスキルd値+1（最大2）<br>使用時：次のRに忍耐2を得る<br>マッチ敗北時：「フェイント」をディレイ状態で構える<br>3d4+4：的中時、[傷]1を付与。過半数的中時、内臓崩壊1を付与	なし	なし	なし	なし	スティレット・ドッピオ	貫通：色欲<br>対象の出血と振動の合計10以上ならスキルd値+1<br>マッチ勝利時：振動1を付与。[振動爆発]。振動を1消費<br>3d4+1：的中時、次のRに振動1と出血2を付与<br>3d4+1：的中時、[傷]1を付与<br>4d4+2：的中時、対象のHPが20％以下か、対象に[致命的な傷]があるなら「メルチェ」を使用	なし	なし	なし	なし	エクセキューション	貫通：傲慢<br>使用前：対象に[深い傷]があるなら、代わりに「夜の錐」として発動<br>使用時：対象の出血と振動の合計8以上ならスキルd値+1<br>マッチ勝利時：振動2を付与。[振動爆発]。振動を1消費<br>4d3：的中時、出血3を付与<br>4d3：的中時、振動3を付与<br>4d3：的中時、[傷]1を付与<br>4d4+2：的中時、対象の振動を振動-大量出血へ[振幅変換]。[振動爆発]。振動を3消費。対象が混乱状態か、対象に[致命的な傷]があるなら「メルチェ」を使用	夜の錐	貫通：傲慢<br>自分のクイックと対象の束縛の合計だけダメージ量が増加（最大10）<br>対象にバリアがあるならダメージ量+4<br>対象の出血と振動の合計8以上ならスキルd値+1<br>使用時：脆弱3を付与<br>マッチ勝利時：振動4を付与。[振動爆発]<br>4d3：破壊不能ダイス<br>4d3：破壊不能ダイス。的中時、次のRに出血5を付与<br>4d3+3：破壊不能ダイス。的中時、振動5を付与<br>4d4+3：破壊不能ダイス。的中時、対象の振動を振動-大量出血へ[振幅変換]。対象に束縛があるなら[振動爆発]。振動を1消費。次のRに対象の[深い傷]を、[致命的]な傷3に変換	なし	なし	なし	なし	なし	なし	[傷] 最大2 デバフ<br>R終了時、次のRに束縛1を得る。[傷]の数値が2なら次のRに[深い傷]3を得て傷が消滅<br><br>[深い傷] 最大3 デバフ<br>振動爆発時、出血2を得る（1Rに2回）<br>傷を得られない<<br>R終了時、次のRに数値-1だけ束縛を得る<br>R終了時、数値1減少<br><br>[致命的な傷] 最大3 デバフ<br>振動爆発時、出血4を得る（1Rに2回）<br>[傷]を得られない<br>R終了時、次のRに数値だけ束縛を得る<br>R終了時、数値1減少<br><br>[振動-大量出血] 最大99 デバフ<br>振動爆発を受けた時、数値だけSANダメージを受け、振動-大量出血と出血の合計/2だけ色欲HPダメージを受ける。<br>R終了時、1減少
29	鴻園 家主の人格	H社	200	50	1d7	弱点	抵抗	普通	なし	鴻園禁断-全黒仙丸/黒獣の轡	憤怒x2 暴食x2 嫉妬x2 保有	R開始時、HP最大値と現在HPが10減少（戦闘後にリセット）<br>黒獣所属の味方のHPが50％以下なら、R終了時、戦線離脱させる（1キャラクター戦闘中1回）	前のRで使用したスキルが変更されたなら、基本スキルによるデバフ付与量とバフ獲得量+1<br>呪殺状態の対象に対しての破裂ダメージ量+4	なし	なし	なし	なし	全黒仙丸-午	マッチ可能防御：怠惰<br>対象の破裂と振動の合計が3ごとにスキルd値+1（最大5）<br>使用時：次のRに[脚力【午】]1を得る<br>マッチ勝利時：振動3と破裂2を付与。次のRに[脳震盪]1を付与<br>4d2	なし	なし	なし	なし	全黒仙丸-未	打撃：憂鬱<br>対象の破裂と沈潜の合計が6ごとにスキル威力+1（最大2）<br>戦闘開始時：自分に[発角]があるなら、このスキルの最後のダイスが破壊不能ダイスに変更される<br>使用時：次のRに[発角]1を得る<br>4d2：的中時、破裂1を付与<br>4d2：的中時、沈潜2を付与<br>2d7：的中時、自分に[発角]があるならこのダイスで与えたダメージの50％だけ斬撃ダメージを与える	なし	なし	なし	なし	全黒仙丸-巳	打撃：嫉妬<br>広域：対象2体<br>[広域乱射]<br>使用時：メインターゲットの破裂と毒の合計が10以上なら広域指定人数+1<br>攻撃後：この戦術スキルを『全黒仙丸-酉』に変更する<br>6d2：的中時、毒2と破裂1を付与<br>6d2：破壊不能ダイス。破壊されずに的中時、毒3を付与<br>6d2+2：的中時、破裂1を付与。クリティカルダメージ量+3	全黒仙丸-酉	斬撃：憤怒<br>広域：対象3体<br>[広域乱射]<br>メインターゲットの破裂と火傷の合計が10以上ならスキルd値+1<br>攻撃後：この戦術スキルを『全黒仙丸-巳』に変更する<br>2d8：破壊不能ダイス<br>2d8：破壊不能ダイス。破壊されずに的中時、破裂1と火傷1を付与。的中時、SANを2回復<br>2d9：破壊不能ダイス。破壊されずに的中時、破裂1と火傷1を付与。的中時、SANを2回復<br>2d9：破壊不能ダイス。破壊されずに的中時、破裂1と火傷1を付与。的中時、SANを2回復	なし	なし	全黒仙丸-卯	斬撃：傲慢<br>自分の速度が対象より高いなら、速度差2ごとにスキル威力+1（最大3）<br>使用時：自分の速度が10以上なら、破裂爆発ダメージ量+2<br>攻撃後：この戦術スキルを『全黒仙丸-寅』に変更する<br>3d3+3：過半数的中時、[破裂爆発]。破裂を2消費<br>3d3+3：的中時、[破裂爆発]。破裂を4消費<br>5d3+1：破壊不能ダイス。破壊されずに的中時、[破裂爆発]。破裂を2消費。次のRに[脚力【卯】]1を得る	全黒仙丸-寅	斬撃：色欲<br>対象の破裂と出血の合計が4ごとにスキル威力+1（最大6）<br>攻撃後：この戦術スキルを『全黒仙丸-卯』に変更する<br>6d4：的中時、次のRに脆弱2と出血3と破裂1を付与	なし	なし	全黒仙丸-混	打撃：暴食<br>このスキル以外の全ての基本スキルをこの戦闘中に全て使用するまで戦術選択ロールに含まれない<br>使用時：メインターゲットに付与されたデバフの種類1つごとにスキル威力+1（最大4）<br>攻撃後：このスキルを捨てる<br>2d12：破壊不能ダイス。破壊されずに的中時、火傷2と出血2と破裂1を付与<br>2d12：破壊不能ダイス。破壊されずに的中時、毒2と沈潜2と振動2を付与<br>2d15：破壊不能ダイス。破壊されずに的中時、[破裂爆発]。破裂を5消費。対象のデバフの種類が2種以上ならデバフの種類2ごとに追加で[破裂爆発]（最大4）	なし	なし	なし	なし	なし	なし	なし	なし	なし
30	LCAウアジェト 先鋒三隊隊長の人格	リンバスカンパニー,LCA	155	60	1d6	抵抗	普通	弱点	16	ホルスのセプター・レプリカ	憂鬱x3 共鳴	舞台開始時、自分の弾丸を[LCA亀裂弾]へと[弾倉変換]<br>R開始時、敵に精神変更効果があるなら、[ウアジェトの目[先鋒]]1を得る<br>自分に[ウアジェトの目[先鋒]]があるなら、基本攻撃スキル的中時に、[シュトの亀裂]1を付与する、弾丸消費時に消費した弾丸だけ追加で付与	自分の保護ごとにダメージ量増加（最大5）<br>戦闘開始時、ウアジェトの目[先鋒]2を得る	なし	なし	なし	なし	整える	防御：憂鬱<br>バリアがある間、被ダメージ時に攻撃者へ恐慌2を付与<br>戦闘開始時：[ウアジェトの目[先鋒]]があるなら保護1を得る<br>使用時：自分の保護x5だけバリアを得る（最大20）<br>8d2	なし	なし	なし	なし	ケペシュ剣術	斬撃：傲慢<br>対象の恐慌と振動の合計6ごとにスキル威力+1（最大2）<br>自分に[ウアジェトの目[先鋒]]があるならマッチ威力+1<br>使用時：次のRに挑発値5を得る<br>マッチ勝利時：[シュトの亀裂]2を付与<br>2d8：的中時、振動2を付与。次のRに恐慌2を付与<br>2d8：的中時、次のRに保護2を得る	なし	なし	なし	なし	砂嵐	斬撃反撃：怠惰<br>対象の恐慌と振動の合計4につきスキル威力+1（最大4）<br>戦闘開始時：挑発値7を得る。[ウアジェトの目[先鋒]]があるならバリア10を得る<br>2d10：過半数的中時、[シュトの亀裂]3を付与<br>2d10：的中時、[振動爆発]。振動を2消費	なし	なし	なし	なし	蜃気楼切削	斬撃：怠惰<br>対象の恐慌と振動の合計6ごとにスキル威力+1（最大2）<br>自分に[ウアジェトの目[先鋒]]があるならマッチ威力+1ダメージ量+2<br>使用時：次のRに挑発値3を得る<br>マッチ勝利時：[シュトの亀裂]2を付与<br>4d3：過半数的中時、次のRに恐慌3を付与<br>4d4：過半数的中時、振動3を付与<br>2d9+1：的中時、振動1を付与。次のRに保護1を得て恐慌1を付与	なし	なし	なし	なし	先鋒で終わらせる	斬撃：憂鬱<br>対象の恐慌と振動の合計6以上ならスキルd値+1<br>自分に[ウアジェトの目[先鋒]]があるならダメージ量+3<br>使用時：このスキルで消費予定の弾丸1ごとにスキル威力増加<br>攻撃終了時：次のRに保護2を得て弾丸が0なら[再装填]（戦闘中最大5回）<br>3d6：銃撃。弾丸を最大2消費。的中時、ダメージ量+（消費した弾丸x2）。恐慌2と振動2を付与<br>3d4+1：的中時、恐慌3と青い砂2を付与。次のRに憂鬱脆弱3を付与<br>3d7：銃撃。弾丸を最大2消費。的中時、ダメージ量+（消費した弾丸x2）。恐慌1を付与し[振動爆発]。振動を3消費。SANがある対象なら[振動爆発]。振動を1消費	なし	なし	なし	なし	なし	なし	なし	なし	[ウアジェトの目[先鋒]] 最大2 バフ<br>自分の速度が5d2に変更<br>戦闘開始時、保護1を得る<br>戦闘中、下記の効果を適用（1Rに3回）<br>・自分がメインターゲットになっている一方攻撃スキルの1ダイス目が過半数なら、1度だけダイスロールをし直す<br>・マッチ開始時、マッチ1発目に対象が使用するダイスの出目が過半数なら、1度だけダイスロールをし直す<br>・上記の効果にて対象のダイスが減算ダイスなら、過半数が未半数になる<br><br>[シュトの亀裂] 最大10 デバフ<br>数値2ごとに憂鬱・怠惰スキルによる被ダメージ量+1<br>数値が最大値に到達すると、憂鬱脆弱1を得る（1Rに1回）<br>R終了時、自分の恐慌だけ憂鬱ダメージを受けて[シュトの亀裂]を削除<br>このデバフを持ったまま死亡すると、SANが最も高い味方1名へ数値の半分だけ付与<br><br>[弾丸-LCA亀裂弾]<br>銃撃ダイスで攻撃的中時、恐慌1を付与<br>消費することで特定戦術の能力が向上<br><br>[青い砂] 最大3 デバフ<br>自分の精神が青い砂に変更される<br>マッチ敗北時、恐慌2を得る（1Rに最大3）<br>R終了時、1減少
31	LCD現場推理チームの人格	リンバスカンパニー,LCD,剣契	165	50	1d7	抵抗	普通	弱点	なし	鬼火腰撃	傲慢x3 共鳴	基本スキルで攻撃終了時、[自分のムク工房-イェ[鋭]二式抜刀/推力：ドッケビの火]が15以上なら、「相戦清潾火」を使用<br>クイックが3以上の時、守備スキルでマッチ敗北したなら、被ダメージ後に「骨断」を使用（1Rに1回）	戦闘開始時に[ドッケビの腕]1を得て、自分を除く剣契所属の味方のSANを傲慢共鳴数だけ回復<br>攻撃後、自分の呼吸3ごとに、[ムク工房-イェ[鋭]二式抜刀/推力：ドッケビの火]を得る（最大5）	なし	なし	なし	なし	行く先を照らさん	マッチ可能防御：傲慢<br>戦闘開始時：[援護防御]1を得る<br>使用時：呼吸4を得る<br>6d2	形勢判断	マッチ可能防御：憂鬱<br>[援護防御専用スキル]<br>使用時：[援護防御]で保護した対象のSANを5回復<br>7d2	なし	なし	勢法	斬撃：憤怒<br>自分のクイックが3以上ならマッチ威力+1<br>自分の呼吸が5以上ならスキル威力+1<br>使用時：呼吸2を得る<br>攻撃後：自分にクイックがあるなら、[ムク工房-イェ[鋭]二式抜刀/推力：ドッケビの火]1を得る<br>2d8：的中時、呼吸2を得る<br>2d8：的中時、呼吸1を得て出血1を付与。[ドッケビの腕]を保有した状態で自分のクイックが3以上なら、このダイスを1度だけ再使用	なし	なし	なし	なし	刺法	斬撃：憂鬱<br>自分のクイックが3以上ならマッチ威力+1<br>自分の呼吸が5以上ならマッチ威力+1<br>使用時：呼吸3を得る<br>攻撃後：自分にクイック1ごとに、[ムク工房-イェ[鋭]二式抜刀/推力：ドッケビの火]1を得る（最大2）<br>4d3：的中時、呼吸2を得て出血1を付与<br>4d3<br>2d9：的中時、次のRに出血1を付与。[ドッケビの腕]を保有した状態で自分のクイックが3以上なら、このダイスを1度だけ再使用。クリティカル的中時、次のRにクイック2を得る（1Rに1回）	なし	なし	なし	なし	骨断	斬撃反撃：傲慢<br>自分の減少HP10ごとにダメージ量+1（最大5）<br>自分のクイック1ごとにクリティカルダメージ量+1（最大5）<br>自分の呼吸と対象の出血の合計6ごとにスキル威力+1（最大2）<br>2d8：的中時、呼吸3を得て斬撃脆弱1を付与<br>2d9：的中時、出血2を付与。次のRに麻痺1を付与	なし	なし	なし	なし	清潾火	斬撃：傲慢<br>戦闘開始時：自分の[ムク工房-イェ[鋭]二式抜刀/推力：ドッケビの火]が10以上なら、全ダイスが破壊不能ダイスに変更される<br>使用時：呼吸3を得る。次のRにクイック2を得る<br>攻撃後：自分にクイック1ごとに、[ムク工房-イェ[鋭]二式抜刀/推力：ドッケビの火]1を得る（最大3）<br>6d2：的中時、呼吸2を得る。クリティカル的中時、[ムク工房-イェ[鋭]二式抜刀/推力：ドッケビの火]1を得る<br>6d2：的中時、呼吸2を得る。クリティカル的中時、[ムク工房-イェ[鋭]二式抜刀/推力：ドッケビの火]1を得る<br>7d2：自分の[ムク工房-イェ[鋭]二式抜刀/推力：ドッケビの火]4ごとにクリティカルダメージ量+1（最大5）。的中時、出血1と斬撃脆弱1を付与。クリティカル的中時、[ムク工房-イェ[鋭]二式抜刀/推力：ドッケビの火]1を得る	相戦清潾火	斬撃：憤怒<br>自分のクイック1ごとにクリティカルダメージ量+1（最大5）<br>使用時：呼吸3を得る<br>攻撃後：自分の[ムク工房-イェ[鋭]二式抜刀/推力：ドッケビの火]を全て消費<br>2d8：的中時、呼吸2を得る。クリティカル的中時、[ムク工房-イェ[鋭]二式抜刀/推力：ドッケビの火]1を得る<br>2d8：的中時、出血1を付与。クリティカル的中時、[ムク工房-イェ[鋭]二式抜刀/推力：ドッケビの火]1を得る<br>2d9：的中時、出血1を付与。クリティカル的中時、[ムク工房-イェ[鋭]二式抜刀/推力：ドッケビの火]1を得る<br>2d9：自分の[ムク工房-イェ[鋭]二式抜刀/推力：ドッケビの火]の数値が15を超過したなら、超過した数値だけクリティカルダメージ量増加。的中時、出血1を付与。クリティカル的中時、自分の呼吸が5以上なら、このダイスを1度だけ再使用	なし	なし	なし	なし	なし	なし	[ドッケビの腕] 最大1 バフ<br>被ダメージ量-2<br>スキル使用時、次のRにクイック1を得る<br>R終了時、消滅し、次のRに呼吸2を得る<br><br>[ムク工房-イェ[鋭]二式抜刀/推力：ドッケビの火] 最大20 バフ<br>1Rに最大10まで得ることが出来る<br>数値が10以上なら斬撃ダメージ量+2<br>数値2ごとに守備スキルのマッチ威力-1（最大5）<br>R終了時、次のRに数値5ごとにクイック1を得る（最大3）
32	LCE主席研究員 ロボトミーE.G.O::ランプの人格	リンバスカンパニー,LCE,E.G.O装備	155	50	1d4	弱点	抵抗	普通	なし	灯りのような眼	憂鬱x2 共鳴	R開始時、[ランプ]1を得る<br>速度ダイスが外部効果で変動しない<br>戦闘開始時、ディレイ状態になる<br>クイックを獲得できない	戦闘開始時、憂鬱共鳴2ごとに[ランプ]1を得る（最大3）<br>R終了時、自分以外の混乱状態でないかつ[森の番人]を保有していないランダムな味方1名に次のRに[森の番人]1を付与	なし	なし	なし	なし	羽根を燃やして作った芯	マッチ可能防御：憂鬱<br>戦闘開始時：[ランプ]が8になるまでランプを得て、得た数値1ごとに5の固定HPダメージを受ける<br>R終了時：自分を除く速度が最も遅い味方（自分の束縛/2）名へ次のRにクイック1を付与<br>7d2	なし	なし	なし	なし	速射	貫通：憤怒<br>対象の速度が自分より高ければ、速度差2ごとにスキル威力+1（最大2）<br>自分の速度が1なら、代わりにスキル威力+2<br>使用時：次のRに束縛1を得る<br>2d7：的中時、火傷2を付与<br>2d8：的中時、沈潜3を付与	なし	なし	なし	なし	零距離注視	貫通：憤怒<br>対象の速度が自分より高ければ、速度差2ごとにスキル威力+1（最大2）<br>使用時：次のRに束縛1を得る<br>4d2：的中時、火傷3を付与<br>4d2：的中時、火傷2を付与<br>2d8：的中時、沈潜5を付与	なし	なし	なし	なし	見えないもので見えるものを壊し	貫通：憂鬱<br>下記の条件を1つでも満たしたとき、マッチ威力+2<br>[対象の速度が自分より3以上高い場合]<br>[自分の速度が1の場合]<br>[対象に眩惑がある場合]<br>使用時：対象の沈潜と火傷の合計が10以上ならスキル威力+2<br>5d2+2：的中時、沈潜3を付与。このダイスの最終ダメージ量の50％だけ打撃ダメージを与える<br>5d2+2：的中時、沈潜2を付与。このダイスの最終ダメージ量の50％だけ打撃ダメージを与える<br>3d4：的中時、火傷2を付与<br>3d5：的中時、火傷2を付与	なし	なし	なし	なし	灯りに眩惑されたものには救いを	貫通：傲慢<br>下記の条件を1つでも満たしたとき、スキルd値+1、ダメージ量+2<br>[対象の速度が自分より3以上高い場合]<br>[自分の速度が1の場合]<br>[対象に眩惑がある場合]<br>使用時：対象に眩惑があるならこのスキルの全ダイスが破壊不能ダイスに変更<br>攻撃後：対象が死亡するか、対象の眩惑が3なら、次のRにパワー1を得る<br>2d7：的中時、火傷1と沈潜1を付与<br>2d7：的中時、火傷2と沈潜2を付与<br>2d9：対象のHPが25％以下か対象に眩惑があるならダメージ量+6。的中時、対象に眩惑があるならこのダイスの最終ダメージ量の50％だけ憂鬱ダメージを与える	なし	なし	なし	なし	なし	なし	なし	なし	[ランプ] 最大8 バフ<br>R終了時、次のRに数値2につき束縛1を得る<br>R終了時、数値が最大かつ敵がいるなら数値を全て消費して次のRに下記の効果が発動<br>挑発値10を得る<br>現在HPが最も高い敵に[眩惑]3を付与<br><br>[眩惑] 最大3 デバフ<br>自分の精神が眩惑に変更される<br>沈潜と火傷の合計3ごとに基本攻撃スキルによる被ダメージ量+1（最大3）<br>R終了時、1減少<br><br>[森の番人] 最大1 バフ<br>攻撃前に下記の効果が発動<br>加算ダイスを使用するスキルならSANを4回復（この効果でSANを回復した時、自分のSANが最大値なら次のRにダメージ量増加2を得る）<br>減算ダイスを使用するスキルならSANが8減少（この効果でSANが0にならない）<br>R終了時、消滅
33	黒獣-卯 筆頭の人格	黒獣,黒獣-卯,H社	170	55	3d2	抵抗	普通	弱点	なし	天究星	暴食x5 保有	なし	戦闘中、味方が呪殺効果を発動させるたびに[天究星刀]1を得る（1Rに最大5回）<br>自分が発動させたなら、[天究星刀]を追加で1得る	なし	なし	なし	なし	尊命。	マッチ可能斬撃反撃：暴食<br>戦闘開始時：[援護防御]1を得る<br>使用時：[脚力【卯】]3を得る<br>2d8<br>2d8：的中時、破裂2を付与	超速護衛	マッチ可能防御：暴食<br>[援護防御専用スキル]<br>使用時：保護2を得る<br>2d10+2	なし	なし	瞬歩	斬撃：怠惰<br>自分の速度が対象より3以上高ければスキルd値+1<br>マッチ勝利時：破裂1を付与<br>2d8：的中時、破裂1を付与<br>2d9：的中時、[破裂爆発]。破裂を2消費。自分の速度が10以上ならこのダイスを1度だけ再使用	なし	なし	なし	なし	刺殺	斬撃：傲慢<br>自分の速度が対象より3以上高ければスキルd値+1<br>使用時：次のRにクイック2を得る<br>マッチ勝利時：破裂1を付与<br>3d5：的中時、破裂2を付与<br>4d4：的中時、破裂1を付与。対象に[呪殺【迅速】]または[呪殺【破】]があればダメージ量+4	なし	なし	なし	なし	標刻	斬撃：色欲<br>自分の速度が対象より3以上高ければスキルd値+1<br>使用時：対象の破裂が9以上ならスキル威力+2<br>2d8：的中時、破裂1を付与<br>2d8+1：的中時、[呪殺【迅速】]3を付与	なし	なし	なし	なし	目でも耳でも追えぬように。	斬撃：暴食<br>自分の速度が対象より高いなら、（対象との速度差x対象の破裂数）5ごとにダメージ量+1（最大5）<br>自分の速度が対象より2以上高ければスキルd値+1<br>戦闘開始時：援護防御1を得る<br>使用前：天究星刀が10以上なら、「黒獣 卯 奥義-雲解顕現」として発動<br>使用時：脚力【卯】3を得る<br>2d8：的中時、呪殺【迅速】3を付与<br>2d8：的中時、[破裂爆発]。破裂を5消費<br>2d9：的中時、破裂3を付与し[破裂爆発]。破裂を5消費。自分の速度が10以上ならこのダイスを1度だけ再使用。再使用的中時、呪殺【迅速】3を付与	黒獣 卯 奥義-雲解顕現	斬撃：暴食<br>自分の速度が対象より高いなら、（対象との速度差x対象の破裂数）5ごとにダメージ量+1（最大5）<br>自分の速度が対象より2以上高ければスキルd値+1<br>対象の破裂10ごとにスキル威力+1（最大2）<br>使用前：自分の速度が10以上なら、呼吸20を得る<br>使用時：[脚力【卯】]3を得る<br>使用後：呼吸を20消費<br>攻撃後：[天究星刀]を10消費<br>2d8+1：的中時、[呪殺【迅速】]3と[呪殺【破】]3を付与<br>2d8+1：的中時、[破裂爆発]。破裂を5消費<br>2d9+2：的中時、破裂3を付与し、[破裂爆発]。破裂を5消費。自分の速度が10以上ならこのダイスを1度だけ再使用。再使用的中時、[呪殺【迅速】]3と[呪殺【破】]3を付与	なし	なし	なし	なし	なし	なし	[脚力【卯】] 最大3 バフ<br>R終了時、次のRにクイック5を得る<br>R終了時、1減少<br><br>[援護防御] 最大3 バフ<br>一方攻撃されるとき、数値を1消費して敵の攻撃対象を自分に変更し、[援護防御専用スキル]を使用<br>[援護防御]を保有する味方が複数名いるなら、最も高い数値を持つ味方が優先して発動<br>守備スキルを装着した味方には発動しない<br>R終了時、消滅<br><br>[天究星刀] 最大20 バフ<br>数値が5以上ならR終了時、次のRにクイック1を得る。<br>特定のスキルに使用される<br><br>[呪殺【迅速】] 最大3 デバフ<br>速度が10以上の対象からの破裂爆発時に、破裂が消費される代わりに、[呪殺【迅速】]が1減少。数値が0になる時破裂の数だけ暴食ダメージを受けて消滅<br>この効果は更新されない<br><br>[呪殺【破】] 最大3 デバフ<br>他の呪殺がある状態でダメージを受けて破裂爆発時に、[呪殺【破】]を1減少し次のRに束縛1を得る。数値が0になる時破裂の数だけ暴食ダメージを受けて消滅<br>この効果は更新されない
34	黒獣-酉 筆頭の人格	黒獣,黒獣-酉,H社	180	45	1d7+1	抵抗	普通	弱点	なし	ぶつかり合う血闘	暴食x5 保有	火傷ダメージでHPが1以下にならない	戦闘開始時、自分の減少HP20％ごとにマッチ威力増加1と保護1を得る（最大3）<br>以下の条件を満たした時、血闘本能を得る（1Rに最大10）、マッチ開始時に3得る<br>基本攻撃スキル的中時、または自分が火傷ダメージを受けるときに1得る<br>敵討伐時に5得る	なし	なし	なし	なし	鷄窮則殺	マッチ可能斬撃反撃：暴食<br>使用時：次のRに[血炎]3を得る。自分がこの戦闘で失ったHP20ごとにこのスキルのダメージ量+1（最大5）<br>マッチ開始時：火傷5を得る<br>2d8：的中時、破裂1を付与<br>2d8：的中時、火傷1を付与	なし	なし	なし	なし	燃え上がる血の匂いに	斬撃：色欲<br>対象の火傷と破裂の合計が6以上ならスキル威力+1<br>使用時：火傷8を得る<br>マッチ開始時：火傷4を得る<br>2d8<br>2d8：的中時、破裂1を付与<br>2d9：的中時、火傷1を付与。過半数的中時、[破裂爆発]。破裂を2消費	なし	なし	なし	なし	啄んでやる	斬撃：嫉妬<br>対象の火傷と破裂の合計が6以上ならスキル威力+1<br>使用時：自分の火傷10ごとにマッチ威力+1（最大2）<br>3d5：的中時、[破裂爆発]。破裂を2消費<br>3d5：的中時、[破裂爆発]。破裂を2消費<br>2d9+1：過半数的中時、火傷4を付与	なし	なし	なし	なし	爪で引き裂いてやる	斬撃：暴食<br>対象の火傷と破裂の合計が6以上ならスキル威力+1<br>使用時：自分の火傷10ごとにマッチ威力+1（最大2）<br>マッチ開始時：互いに火傷4を付与<br>7d2：過半数的中時、このダイスを1度だけ再使用。再使用的中時、火傷2と破裂1を付与<br>7d2：過半数的中時、このダイスを1度だけ再使用。再使用的中時、[破裂爆発]。破裂を3消費	なし	なし	なし	なし	血炎乱舞	斬撃：憤怒<br>広域：対象3体<br>[広域乱射]<br>自分の火傷3ごとにダメージ量+1（最大3）<br>メインターゲットの火傷と破裂の合計が6以上ならスキル威力+1<br>自分の減少HP40ごとにマッチ威力+1（最大3）<br>戦闘開始時：自分に[血炎]があるか、自分のHPが50％未満ならこのスキルの全ダイスが破壊不能ダイスになる<br>使用前：[血闘本能]が20なら「血天下鷄舞乱刀」として発動<br>使用時：[血炎]3を得る<br>攻撃後：火傷7を得る<br>2d7：的中時、火傷2を付与。過半数的中時、自分のHPが50％以上なら、自分の火傷だけ憤怒ダメージを受ける<br>2d8：的中時、火傷2を付与。過半数的中時、自分のHPが50％以上なら、自分の火傷だけ憤怒ダメージを受ける<br>2d8：的中時、火傷2を付与。過半数的中時、自分のHPが50％以上なら、自分の火傷だけ憤怒ダメージを受ける<br>2d9：的中時、破裂3を付与。自分の火傷だけ全攻撃対象へ暴食ダメージを与える(最大20)	血天下鷄舞乱刀	斬撃：憤怒<br>広域：対象3体<br>[広域乱射]<br>自分の火傷3ごとにダメージ量+1（最大3）<br>対象と自分の失ったHPの合計20ごとにダメージ量+1（最大4）<br>メインターゲットの火傷と破裂の合計が6以上ならスキル威力+1<br>自分の減少HP40ごとにマッチ威力+1（最大3）<br>使用時：血炎3を得る<br>マッチ勝利時：火傷10を得る<br>攻撃後：[血闘本能]を全て消費。自分の火傷が20を超過しているなら、超過した火傷から最大25消費し、HPを(消費した火傷の数)％だけ回復<br>2d8：破壊不能ダイス。的中時、破裂2を付与<br>2d8：破壊不能ダイス。的中時、火傷2を付与<br>2d8：破壊不能ダイス。的中時、[破裂爆発]。破裂を2消費<br>2d9：破壊不能ダイス。的中時、火傷2を付与。自分に火傷が20以上あるか、自分のHPが50％未満なら、このダイスを1度だけ再使用。再使用的中時、全攻撃対象へ[葬炎]。葬炎で与えたダメージ量だけHPを回復	なし	なし	なし	なし	なし	なし	[血炎] 最大3 バフ<br>基本スキルで敵へ付与する火傷と破裂付与量+1<br>このバフを保有した状態で敵討伐時、SANを10回復、既に自分のSANが最大なら次のRにダメージ量増加2とクイック1を得る<br>R終了時、数値が1減少<br><br>[血闘本能] 最大20 バフ<br>数値5ごとにダメージ量+1<br>数値10ごとに、R終了時、次のRにクイック1を得る
35	黒獣-午 筆頭の人格	黒獣,黒獣-午,H社	190	45	1d8	抵抗	普通	弱点	なし	黒風馬脚	暴食x5 保有	[号令]付与時、このRと次のRにダメージ量増加1を得る	自分にバリアがあるとき、被ダメージ量がバリア/10だけ減少（最大3）<br>下記の条件を満たした時、[敵陣走破]1を得る<br>・攻撃前に対象よりも速度が3以上高い時<br>・自分のスキルで振動爆発を3回以上発動<br>・[脚力【午】]を保有している状態でマッチ勝利	なし	なし	なし	なし	狗馬之心	マッチ可能防御：暴食<br>戦闘開始時：次のRに[脚力【午】]3を得る<br>R終了時：自分に付与された解除可能なデバフのうちランダムに一種除去<br>2d10	なし	なし	なし	なし	鉄馬砕	斬撃：憤怒<br>自分の速度が対象より高いならスキル威力+1<br>対象の破裂と振動の合計6ごとにスキル威力+1（最大2）<br>マッチ勝利時：このRと次のRに束縛1を付与<br>5d2：的中時、破裂2を付与<br>5d2<br>6d2：的中時、振動2を付与<br>7d2：的中時、振動1を付与	なし	なし	なし	なし	撃砕斬	斬撃：嫉妬<br>自分の速度が対象より高いならスキル威力+1<br>対象の破裂と振動の合計6ごとにスキル威力+1（最大2）<br>使用時：次のRにクイック2を得る<br>マッチ勝利時：[振動爆発]。振動を2消費<br>4d4：的中時、振動2と破裂2を付与<br>4d4：的中時、[振動爆発]。振動を2消費。対象に呪殺がなければ[脳震盪]1を付与	なし	なし	なし	なし	奔馬穿陣	斬撃：怠惰<br>自分の速度がメインターゲットより高いならスキル威力+1<br>[脚力【午】]があるなら、スキル威力+2<br>メインターゲットの破裂と振動の合計が10以上なら広域指定人数+1<br>マッチ勝利時：次のRにクイック1を得る<br>2d7+2：破壊不能ダイス。的中時、メインターゲットに振動5を付与。破壊されずに的中時、サブターゲットに振動3を付与<br>2d7+2：破壊不能ダイス。破壊されずに的中時、[振動爆発]。振動を3消費<br>7d2：的中時、[振動爆発]。振動を4消費。サブターゲットに余波2を付与	なし	なし	なし	なし	先鋒走破	斬撃：暴食<br>自分の速度が対象の速度より高いならスキル威力+2<br>自分の[敵陣走破]の数だけダメージ量+1（最大5）<br>使用前：次のRに[脚力【午】]3を得る。自分の[敵陣走破]が5以上なら、「黒風馬脚月斬」として発動<br>使用時：自分の[敵陣走破]が3以上なら全ダイスが破壊不能ダイスになる<br>7d2：的中時、振動2と破裂2を付与<br>7d2：的中時、次のRに束縛2を付与。自分の[敵陣走破]が3以上なら追加で1付与<br>8d2：的中時、[振動爆発][破裂爆発]。振動2と破裂2を消費。自分の[脚力【午】]が2以上なら[脳震盪]2を付与	黒風馬脚月斬	斬撃：暴食<br>広域：対象3体<br>自分の速度がメインターゲットの速度より高いならスキル威力+2<br>自分の[敵陣走破]の数だけダメージ量+1（最大5）<br>戦闘開始時：次のRに自分以外の全味方へ[号令]1を付与<br>使用時：次のRに[脚力【午】]3を得る<br>マッチ勝利時：自分の速度が対象より高ければダメージ量+3<br>R終了時：[敵陣走破]を全て消費<br>7d2：破壊不能ダイス。的中時、振動2と破裂2を付与<br>7d2：破壊不能ダイス。的中時、次のRに束縛2を付与。自分の[敵陣走破]が3以上なら追加で1付与<br>7d2：破壊不能ダイス。的中時、[脳震盪]2を付与<br>8d2：破壊不能ダイス。的中時、[振動爆発]と[破裂爆発]を2回発動し、振動2と破裂2を消費	なし	なし	なし	なし	なし	なし	[脚力【午】] 最大3 バフ<br>R終了時、次のRにクイック3と挑発値8を得て数値を1減少<br>攻撃前、振動を現在の[脚力【午】]の数だけメインターゲットに付与<br><br>[敵陣走破] 最大5 バフ<br>R開始時、1ごとにバリア3を得る<br>最大値の場合、スキル威力+1<br>被攻撃前、数値が3以上なら保護1を得る<br><br>[号令] 最大1 バフ<br>マッチ威力+1。<br>被ダメージ量-2<br>R終了時、消滅<br><br>[脳震盪] 最大2 デバフ<br>破裂爆発と振動爆発によるHPダメージ・SANダメージが4増加<br>R終了時、1減少<br><br>[余波] 最大10 デバフ<br>黒獣-午所属の敵から受ける振動爆発によるSAN減少が2倍になる<br>振動爆発時に1減少。<br>R終了時、1減少。（最大10）
36	R社第四群 司令官の人格	R社,第四群	150	55	1d7+1	抵抗	普通	弱点	なし	指揮	嫉妬x3 保有	戦闘中、充電を累計で10消費する度に電圧1を得る	自分の充電が11以上なら、戦闘開始時に自分以外の全ての味方にパワー1を付与<br>対象がR社所属なら、代わりに[RRR]1を付与	なし	なし	なし	なし	全群統制	回避：嫉妬<br>戦闘開始時：充電5を得る。自分以外のR社所属の味方全員に充電3を付与<br>7d2：回避成功時、充電1を得る（1Rに最大3回）	なし	なし	なし	なし	複製	斬撃：憤怒<br>使用前：このスキルの全ダイスを除去。前のRに使用したスキルのダイスを効果だけ除去しコピーして追加する<br>使用時：充電4を得る。自分の電圧だけ追加で充電を得る<br>2d7<br>2d7	なし	なし	なし	なし	戦闘射撃	斬撃：暴食<br>自分の電圧/2だけダメージ量増加（最大2）<br>戦闘開始時：ランダムな自分以外の味方1名にパワー1を付与。この効果を自分の充電/4だけ繰り返す（最大4）<br>使用時：自分の充電が11以上なら、充電を全て消費しランダムなR社所属の味方1名に援護攻撃1を付与<br>3d3+3<br>3d3+3：的中時、次のRに出血3を付与	なし	なし	なし	なし	連続切断	斬撃：嫉妬<br>このスキルは捨てても選択欄から除去されない<br>自分の電圧だけダメージ量増加（最大4）<br>使用時：ランダムなスキルを1つ捨てる。「連続切断」が捨てられなかったなら、スキル威力-5<br>対象討伐時：全味方のSANを10回復<br>6d2：的中時、出血2を付与<br>6d2：的中時、出血2を付与<br>7d2<br>8d2：的中時、自分の電圧だけ斬撃ダメージを与える（最大10）	なし	なし	なし	なし	始末	斬撃：嫉妬<br>自分の電圧だけダメージ量増加（最大5）<br>使用前：自分の充電が15以上なら処分として発動<br>使用時：充電を全て消費。消費した値/4だけスキル威力増加（最大4）<br>攻撃後：[標的]1を付与<br>敵討伐時：次のRに充電10を得る<br>2d10<br>2d11：的中時、対象のHPが50％以下なら自分の電圧x2だけ斬撃ダメージを与える（最大20）	処分	斬撃：嫉妬<br>自分の電圧だけダメージ量増加（最大10）<br>使用時：充電を全て消費。消費した値/4だけスキル威力増加（最大5）<br>マッチ敗北時：ダメージ量-20<br>攻撃後：標的1を付与<br>敵討伐時：次のRに充電10を得てRRR1を得る<br>9d2：破壊不能ダイス。対象のHPが50％以下ならダメージ量+10<br>9d2：破壊不能ダイス。対象のHPが50％以下ならダメージ量+10。的中時、対象のHPが50％以下なら自分の電圧x2だけ斬撃ダメージを与える（最大20）	なし	なし	なし	なし	なし	なし	[RRR] 最大1 バフ<br>充電獲得量+1<br>R終了時、消滅<br>第四群所属の味方の所属チームごとに下記の効果を付与<br>ウサギチーム：銃撃ダイスのダイス威力+2<br>トナカイチーム：沈潜付与量+2<br>サイチーム：スキル使用時にバリア10を得る<br>第四群司令官：戦術選択ダイスロールのd数が1減少する代わりに戦術スキルの1つが確定でスキル4-2「処分」になる<br><br>[援護攻撃] 最大1 バフ<br>[1R] この効果を付与したキャラクターの攻撃終了時、そのキャラクターが攻撃した対象をスキル1で一方攻撃する<br><br>[標的] 最大1 デバフ<br>R社所属から受ける被ダメージ量+2<br>自分のHPが50％以下なら追加で被ダメージ量+2<br>自分以外の味方に標的が付与される時に消滅
37	バラのスパナ工房 代表の人格	バラのスパナ工房	140	60	2d3	抵抗	弱点	普通	なし	共振スパナ稼働	傲慢x4 保有	なし	振動爆発時、充電3消費して振動ダメージを40％増加<br>振動爆発時、次のRにクイック1と打撃ダメージ量増加1を得る	なし	なし	なし	なし	最後の予熱	防御：怠惰<br>戦闘開始時：[振動同化]1を得る<br>7d2：守備時、充電2と共振1を得る<br>7d2：守備時、充電2と共振1を得る	なし	なし	なし	なし	エンジン始動	打撃：傲慢<br>対象の振動が10以上ならマッチ威力+2<br>使用時：充電2を得る<br>2d7+1：的中時、充電4を得る。過半数的中時、振動2を付与<br>2d8+1：的中時、振動1を付与	なし	なし	なし	なし	振動圧着	貫通：憂鬱<br>対象の振動が10以上なら、スキル威力+2<br>7d2：的中時、振動1を付与<br>4d4：的中時、振動2を付与。過半数的中時、自分の充電が3以上ならこのダイスを再使用（最大2）。再使用的中時、振動2を付与。2回目の再使用的中時、[振動爆発]。振動を8消費	なし	なし	なし	なし	強力増幅	貫通：怠惰<br>対象の振動が10以上なら振動付与量+3<br>使用時：共振4を得る<br>4d4：的中時、振動1を付与<br>4d4：的中時、振動1を付与。対象の振動が10以下なら充電を3消費して対象の振動を2倍にする	なし	なし	なし	なし	一発やってみましょ	打撃：嫉妬<br>対象の振動が10ごとにスキル威力+1（最大2）<br>使用時：充電6と共振2を得る<br>6d2：的中時、振動1を付与<br>7d2：的中時、[振動爆発]。振動を2消費。過半数的中時、振動2を付与<br>7d2：的中時、[振動爆発]。振動を1消費	なし	なし	なし	なし	なし	なし	なし	なし	[振動同化] 最大1 バフ<br>スキル使用時、対象の振動の数5ごとに3回まで、振動2を得てマッチ威力+1<br><br>[共振] 最大10 バフ<br>対象に振動爆発を行う時、共振の数x対象の振動の数÷4だけ固定ダメージを与える。<br> 振動爆発を行ったR終了時、消滅
38	20区ユロージヴィ 隊長の人格	ユロージヴィ	160	45	2d3	普通	抵抗	弱点	なし	振動癒着変形戦闘杖（未認可発明品）	怠惰x6 保有	自分の攻撃または振動爆発で対象を混乱状態にすると、全味方のSANを10回復	R終了時、このRに自分が振動爆発させた回数だけダメージ量増加を得る（最大3）	なし	なし	なし	なし	防御	防御：怠惰<br>戦闘開始時：自分の振動だけバリアを得る（最大13）<br>7d2：守備時、振動4を得る	なし	なし	なし	なし	推理開始	打撃：憂鬱<br>自分の振動が6以上なら、スキル威力+1<br>使用時：振動2を得る<br>3d4：的中時、振動2を付与<br>3d4：的中時、振動2を得る	なし	なし	なし	なし	大義のための回収	貫通：憤怒<br>戦闘開始時：自分を除いた全味方の振動を1名ごとに最大3まで奪う<br>使用時：自分の振動9ごとにマッチ威力+1（最大5）<br>2d7：的中時、振動1を付与<br>2d7：的中時、振動1を付与<br>2d7+2：的中時、[振動爆発]。振動を2消費	なし	なし	なし	なし	変形杖護身術	貫通：怠惰<br>対象の振動が6以上なら、マッチ威力+1<br>使用時：振動3を得る。自分の振動が10以上ならスキル威力+1<br>6d2：的中時、振動3を得る<br>6d2：的中時、振動3を付与<br>7d2：的中時、振動6以上なら、[振動爆発]。振動を4消費	なし	なし	なし	なし	犯人はあなただな！	貫通：暴食<br>対象の振動が6ごとにマッチ威力+1（最大2）<br>使用時：自分の振動が15未満なら、振動10消費してスキル威力+2。自分の振動が15以上なら代わりに振動15消費してスキル威力+3<br>6d2：的中時、スキル使用時にて振動を消費したなら、対象の振動反響へ[振幅絡連]<br>6d2：的中時、[振動爆発]。振動を1消費<br>6d2：的中時、スキル使用時に振動を10以上消費したなら、[振動爆発]。振動を1消費<br>7d2：的中時、スキル使用時に振動を10以上消費したなら、[振動爆発]。振動を1消費。消費した振動が15未満なら上記の効果発動後に自分に[振動爆発]	なし	なし	なし	なし	なし	なし	なし	なし	なし
39	中指末兄・末姉の人格	中指	170	55	3d2	弱点	普通	抵抗	なし	怨恨の刺青の共鳴	嫉妬x4 保有	自分または中指所属の味方が敵にダメージを受ける度に、攻撃者に[復讐対象]1を付与し[仕返し帳簿[末兄・末姉]]1を得る（スキルごとに1回）<br>自分の[仕返し帳簿[末兄・末姉]]の数値が10以上なら当該スキル攻撃終了時に攻撃者を「足蹴」で一方攻撃する（1Rに1回）	戦闘開始時、守備スキルを装着した中指所属の味方が、このRの間一方攻撃による被ダメージ量-3<br>戦闘開始時、嫉妬共鳴が4以上ならこのRで反撃スキルを使用する中指所属の味方にバリア20を付与	なし	なし	なし	なし	お返し	打撃反撃：嫉妬<br>戦闘開始時：自分を含む、SANが最も低い中指所属の味方3名のSANを（嫉妬共鳴数+3）だけ回復（1Rに1回、最大10）<br>2d9：的中時、出血1を付与<br>2d9：的中時、出血1を付与	なし	なし	なし	なし	足蹴	打撃：憤怒<br>使用時：対象が[仕返し対象]ならスキル威力+2<br>2d7：的中時、SANを5回復<br>2d8<br>2d8：的中時、次のRに出血2を付与	なし	なし	なし	なし	苦痛を刻む	打撃：傲慢<br>戦闘開始時：[仕返し対象]状態の敵がいるなら、次のRに両隣の味方に嫉妬威力増加1を付与<br>使用時：対象が[仕返し対象]ならスキル威力+2<br>5d2+2：的中時、出血3を付与<br>5d2+2：破壊不能ダイス。破壊されて的中時、[仕返し帳簿[末兄・末姉]]2を得る	なし	なし	なし	なし	後ろに注意！	打撃：嫉妬<br>戦闘開始時：両隣の味方のSANを8回復。（最も高い共鳴数/3）だけマッチ威力+1（最大2）<br>使用時：次のRに挑発値5を得る。対象が仕返し対象ならスキル威力+1<br>6d2+1<br>7d2：的中時、次のRに出血2を付与<br>7d2+2：的中時、麻痺2を付与	なし	なし	なし	なし	オレのヘアクーポォオオオン!!!!	打撃：嫉妬<br>嫉妬共鳴2ごとにスキル威力+1（最大3）<br>戦闘開始時：最も高い共鳴数だけダメージ量増加（最大6）<br>使用時：嫉妬共鳴が6以上なら、広域指定人数+1。自分の[仕返し帳簿[末兄・末姉]]が20以上なら広域指定人数+1<br>6d2+4：破壊不能ダイス。的中時、出血4を付与。破壊されずに的中時、このダイスの最終ダメージ量の（嫉妬共鳴数x5）％だけ打撃ダメージを与える（最大30％）	なし	なし	なし	なし	なし	なし	なし	なし	[仕返し帳簿[末兄・末姉]] 最大30 バフ<br>数値5ごとに仕返し対象に与えるダメージ量+1<br>数値10ごとに被ダメージ量-1<br><br>[復讐対象] 最大10 デバフ<br>特定スキルまたはパッシブによって消費<br>数値3ごとに中指所属の敵から被ダメージ量+1（最大3）<br>R終了時、この数値が最も高ければ、次のRに兄弟姉妹の仕返し対象1を得る<br>（仕返し対象の保有状況とは別途適用され、数値が同じ場合は残体力の比率が高い方を対象とする）<br><br>[兄弟姉妹の仕返し対象] 最大1 デバフ<br>全人格の[仕返し対象]として扱われる<br>R終了時、消滅
40	薬指野獣派 ドーセントの人格	薬指,野獣派	150	50	1d7	普通	弱点	抵抗	なし	野獣派-野性的な色彩	色欲x2 共鳴	なし	引き裂かれた[色彩[ルージュ]]・[引き裂かれた色彩[ブル]]・[果敢なタッチ]の付与量+1<br>R終了時、[引き裂かれた色彩[ルージュ]]・[引き裂かれた色彩[ブル]]・[果敢なタッチ]を全て保有した敵へ、次のRに[強烈な色彩]1を付与<br>対象の保有した[引き裂かれた色彩[ルージュ]]・[引き裂かれた色彩[ブル]]がそれぞれ3/6/9以上なら、代わりに[強烈な色彩]を2/3/4付与（数値が少ないほうを基準とする）<br>下記の効果のうち1つを満たしたなら、R終了時、[野獣派 - マスク・ドゥ・ルー]1を得る<br>・[強烈な色彩]を累計5以上付与<br>・「クリティーク」2回スキル使用後<br>・「あなたの皮膚の下で脈動する赤い絵具を荒く」スキル使用後	なし	なし	なし	なし	素材の下処理	マッチ可能打撃反撃：色欲<br>使用前：自分に[レフレクスィヨン]がなく、対象のデバフが3種以上なら、「クリティーク」として発動<br>2d8：的中時、出血1と引き裂かれた[色彩[ルージュ]]2を付与<br>2d8：的中時、沈潜1と[引き裂かれた色彩[ブル]]2を付与	クリティーク	マッチ可能打撃反撃：色欲<br>対象のデバフ2種類ごとにダメージ量+1（最大5）<br>対象に[強烈な色彩]があるなら、マッチ威力+2<br>攻撃後：[レフレクスィヨン]2を得る<br>2d9：的中時、出血1と沈潜1を付与。[引き裂かれた色彩[ルージュ]]と[引き裂かれた色彩[ブル]]のうち、どちらかをランダムに1付与。対象のデバフ3種ごとに、このダイスを再使用（最大2）	なし	なし	強烈な重ね塗り	打撃：憂鬱<br>対象のデバフ2種類ごとにダメージ量+1（最大2）<br>使用時：対象の出血と沈潜の合計4ごとにスキル威力+1（最大2）<br>2d9：的中時、出血1と沈潜1と[引き裂かれた色彩[ルージュ]]1を付与。対象のデバフの種類が4以上なら、このダイスを1度だけ再使用	なし	なし	なし	なし	原色表現	打撃：嫉妬<br>対象のデバフ2種類ごとにダメージ量+1（最大3）<br>対象に[引き裂かれた色彩]が2種以上あるなら、ダメージ量+2<br>使用時：対象の出血と沈潜の合計4ごとにスキル威力+1（最大2）<br>4d4：的中時、出血2と[引き裂かれた色彩[ルージュ]]1を付与<br>4d4：的中時、沈潜2と[引き裂かれた色彩[ブル]]2を付与。対象のデバフが6種以上なら、[果敢なタッチ]1を付与	なし	なし	なし	なし	着想の戦慄	打撃：怠惰<br>対象のデバフ1種類ごとにダメージ量+1（最大6）<br>7d2：破壊不能ダイス。破壊されずに的中時、[引き裂かれた色彩[ルージュ]]3と[引き裂かれた色彩[ブル]]3を付与。対象の出血と沈潜の合計が20以上なら代わりに[引き裂かれた色彩[ルージュ]]6と[引き裂かれた色彩[ブル]]6を付与	なし	なし	なし	なし	野獣派-暴悪な展開	打撃：色欲<br>対象のデバフ2種類ごとにダメージ量+1（最大2）<br>使用前：対象のデバフが6種以上なら、「あなたの皮膚の下で脈動する赤い絵具を荒く」として発動<br>使用時：対象の出血と沈潜の合計4ごとにスキル威力+1（最大2）<br>5d2：的中時、出血2と引き裂かれた色彩[ルージュ]1を付与<br>6d2：的中時、出血2と引き裂かれた色彩[ルージュ]1を付与<br>6d2：的中時、沈潜2と引き裂かれた色彩[ブル]2を付与<br>7d2：的中時、次のRに出血2を付与。対象のデバフの種類が5以上なら、次のRに果敢なタッチ2を付与	あなたの皮膚の下で脈動する赤い絵具を荒く	打撃：色欲<br>広域：対象3体<br>[広域乱射]<br>対象のデバフ2種類ごとにダメージ量+1（最大5）<br>使用時：対象の出血と沈潜の合計4ごとにスキルd数+1（最大2）<br>5d2：破壊不能ダイス。的中時、出血3と[引き裂かれた色彩[ルージュ]]1を付与<br>6d2：破壊不能ダイス。的中時、出血2と[引き裂かれた色彩[ルージュ]]1を付与<br>6d2：破壊不能ダイス。的中時、沈潜3と[引き裂かれた色彩[ブル]]2を付与<br>7d2：破壊不能ダイス。このダイスは全攻撃対象に的中する。的中時、次のRに出血2と[果敢なタッチ]2を付与	なし	なし	なし	なし	なし	なし	[引き裂かれた色彩[ルージュ]] 最大9 デバフ<br>被ダメージ時、数値3ごとに出血1を得る（1Rに1回）<br>R終了時、次のRに数値4ごとに脆弱1を得る（最大2）<br>R終了時、数値が1減少<br><br>[引き裂かれた色彩[ブル]] 最大9 デバフ<br>被ダメージ時、数値3ごとに沈潜1を得る（1Rに1回）<br>R終了時、数値が5以上なら、自分のSANが5減少<br>R終了時、数値が1減少<br><br>[強烈な色彩] 最大4 デバフ<br>薬指所属の敵から受けるダメージ量が数値だけ増加<br>戦闘開始時、数値だけ出血・沈潜のうちランダムに1ずつ得る<br>R終了時、この効果が消滅して[引き裂かれた色彩[ルージュ]]・[引き裂かれた色彩[ブル]]の数値が半減<br><br>[果敢なタッチ] 最大2 デバフ<br>数値1ごとに出血と沈潜によるダメージが2増加（最大4）<br>R終了時、1減少<br><br>[レフレクスィヨン] 最大2 中立バフ<br>この効果があるRの間「クリティーク」を使用できない<br>R開始時、SANが5回復<br>R終了時、1減少<br>数値が0になる時、（戦場にいる薬指スチューデント人格数）だけ次のRに[敬意]を得る<br><br>[敬意] 最大3 バフ<br>R開始時、数値だけ与ダメージ量が増加し数値が3ならマッチ威力+1<br>R終了時、消滅<br><br>[野獣派-マスク・ドゥ・ルー] 最大1 バフ<br>速度補正値+1<br>基本スキルで付与する出血・沈潜付与量+1<br>攻撃的中時、対象の[引き裂かれた色彩[ブル]]が3以上なら、沈潜1を付与（1Rに1回）<br>攻撃的中時、対象の[引き裂かれた色彩[ルージュ]]が3以上なら、出血1を付与（1Rに1回）
41	蜘蛛の巣 親指の子方の人格	蜘蛛の巣,親指	165	50	1d7	抵抗	普通	弱点	なし	デュエロ・ディスペラート	憤怒x2 怠惰x2 保有	マッチ勝利時、[決闘高潮]1を付与<br>攻撃後、[決闘高潮]1を付与<br>蜘蛛の巣 親指の親方が攻撃後、同じ対象に「パレルモ・スパーダ」で一方攻撃（1Rに1回）<br>[決闘高潮]を保有した対象を討伐時、[完成されゆく教本]1を得る	使用前、対象の[決闘高潮]の数値ごとに以下の効果をすべて得る<br>1：マッチ威力+1<br>2：基本スキル威力+1<br>3：基本スキル的中時、次のRに[腱切断]1を付与<br>4：基本スキル威力+1<br>5：基本スキルのダメージ量+2	なし	なし	なし	なし	剣先で測る	マッチ可能斬撃反撃：憤怒<br>対象の[決闘高潮]だけダメージ量増加<br>2d8：的中時、火傷1を付与<br>2d9：的中時、振動1を付与	なし	なし	なし	なし	パレルモ・スパーダ	斬撃：色欲<br>対象の火傷と振動の合計6ごとにスキル威力+1（最大2）<br>2d8：的中時、火傷2を付与<br>2d8：的中時、振動1を付与	なし	なし	なし	なし	コルピ・ソッターニ	斬撃：色欲<br>対象の火傷と振動の合計6ごとにスキル威力+1（最大2）<br>2d7：過半数的中時、振動3を付与<br>2d8：的中時、振動3と火傷3を付与<br>2d9：的中時、[完成されゆく教本]があるか、対象に[決闘高潮]があるなら、[振動爆発]。振動を4消費	なし	なし	なし	なし	カチャトーレ	斬撃：怠惰<br>対象の火傷と振動の合計6ごとにスキル威力+1（最大2）<br>使用時：対象の[決闘高潮]だけ、このスキルで最初のダイスで付与する振動付与量と火傷付与量が増加（最大4）<br>5d2+2：的中時、振動1と火傷1を付与<br>5d2+2：的中時、対象の振動を振動-灼熱へ[振幅変換]<br>7d2+1：的中時、[振動爆発]。振動を3消費	なし	なし	なし	なし	セッチォナトゥラ・デル・チェルヴォ	斬撃：憤怒<br>（[完成されゆく教本]-1）だけ広域指定人数+1（最大2）<br>メインターゲットの火傷と振動の合計6ごとにスキル威力+1（最大2）<br>使用時：[完成されゆく教本]があるか、対象の[決闘高潮]が3以上なら全ダイスが破壊不能ダイスに変更<br>攻撃後：メインターゲットの[決闘高潮]を全て消費。消費した値が5なら[完成されゆく教本]1を得る。対象が死亡したなら追加で1得る<br>3d3+4：的中時、火傷2を付与<br>3d3+4：的中時、振動2を付与<br>3d4+3<br>3d5+2：的中時、対象の振動を振動-灼熱へ[振幅変換]し[振動爆発]。振動を3消費。（[完成されゆく教本]-1）だけ追加で[振動爆発]	なし	なし	なし	なし	なし	なし	なし	なし	[決闘高潮] 最大5 デバフ<br>蜘蛛の巣 親指の子方のスキル・パッシブに影響を及ぼす<br>1Rに最大3まで得られる<br><br>[完成されゆく教本] 最大3 バフ<br>基本スキルのダメージ量が数値だけ増加<br>振動爆発ダメージ量が（数値x10）％だけ増加<br>1Rに最大2まで得られる<br><br>[腱切断] 最大1 デバフ<br>スキル威力-1<br>R終了時、消滅
42	蜘蛛の巣 人差し指の子方：端末機の人格	蜘蛛の巣,人差し指	145	60	4d2	抵抗	弱点	普通	なし	解禁/開花E.G.O::代行	色欲x1 憂鬱x1 傲慢x1 保有	R開始時、自分の指令の加護の数値によって指令が変化<br>ランダムな敵1名へ指令対象を付与<br>指令の印スキルが存在しないなら、戦術スキル0～4からランダムに1つを指令の印スキルに指定する<br>指令を遂行したなら、R終了時、SANを5回復し指令の加護1を得る<br>指令対象にスキルを的中させて指令を遂行したなら代わりにSANを10回復し指令の加護3を得る<br>このRに指令を遂行できなかったなら、R終了時、カルマ1を得る<br>指令の加護が9以上ならカルマを得ない<br>R終了時、指令の加護が3/6/9なら、解禁-Ⅰ/解禁Ⅱ/解禁-Ⅲを得る<br>解禁-Ⅰを得るなら、SAN15消費して開花E.G.O「代行」1を得る<br>以降、R開始時、解禁があるかつ開花E.G.O::代行状態でないかつ、SANが25以上なら、SANを15消費して開花 E.G.O「代行」1を得る<br>解禁-Ⅲを得るならシン（心）-代行1を得る	指令の加護3ごとにダメージ量+1<br>指令対象状態の敵に攻撃的中時、SANを3回復	なし	なし	なし	なし	指令が下賜した指令によって作られた布	打撃反撃：憂鬱<br>このスキルが指令の印スキルならスキルd値+2、クリティカルダメージ量+4<br>戦闘開始時：バリア25を得る。カルマの数だけ得るバリア-2<br>使用時：呼吸3を得る<br>R終了時：解禁がないなら解禁-Ⅰを得て指令の加護が3まで増加。増加した指令の加護1ごとにカルマ1を得る<br>2d7：的中時、呼吸1を得る<br>2d7：的中時、沈潜1を付与<br>2d8：的中時、沈潜1を付与	強制解禁	マッチ可能斬撃反撃：憂鬱<br>解禁段階1ごとにスキル威力+1<br>このスキルが指令の印スキルなら、スキル威力+2<br>使用時：呼吸3を得る<br>R終了時：解禁がⅢ未満なら、段階が1増加。[解禁-Ⅱ]なら[指令の加護]が6に、[解禁-Ⅲ]なら[指令の加護]が9まで増加。増加した[指令の加護]1ごとに[カルマ]1を得る<br>6d2<br>6d2：的中時、沈潜1を付与<br>2d8+3：的中時、沈潜1を付与	なし	なし	頭を潰す	打撃：怠惰<br>このスキルが指令の印スキルならスキルd値+1<br>自分の呼吸と対象の沈潜の合計6ごとにスキル威力+1（最大2）<br>使用時：呼吸2を得る<br>2d7：的中時、沈潜1を付与<br>2d7：的中時、呼吸2を得る	この手で代わりに…	斬撃：怠惰<br>このスキルが指令の印スキルならスキルd値+1<br>自分の呼吸と対象の沈潜の合計6ごとにスキル威力+1（最大2）<br>使用時：呼吸2を得る<br>攻撃後：SANが3減少<br>2d7：的中時、沈潜2を付与<br>2d7+1：的中時、沈潜2を付与	なし	なし	あっ、静かにしてください	打撃：色欲<br>このスキルが指令の印スキルならスキル威力+1<br>自分の呼吸と対象の沈潜の合計6ごとにスキル威力+1（最大2）<br>戦闘開始時：自分の指令の加護が6未満なら、このスキルの最後のダイスが破壊不能ダイスになる<br>使用時：呼吸2を得る<br>2d8：的中時、呼吸1を得る<br>2d8：的中時、呼吸1を得る<br>2d9：破壊されずに的中時、沈潜2を付与	暴いて、暴きます	斬撃：色欲<br>このスキルが指令の印スキルならスキル威力+2<br>自分の呼吸と対象の沈潜の合計6ごとにスキル威力+1（最大2）<br>戦闘開始時：対象が指令対象なら、このスキルの最後のダイスが破壊不能ダイスになる<br>使用時：呼吸2を得る<br>攻撃後：SANが3減少<br>2d8+1：的中時、沈潜1を付与<br>2d8+1：的中時、沈潜1を付与<br>2d9+3：破壊されずに的中時、沈潜2を付与	なし	なし	は、はやく指令を遂行しなきゃ…。	打撃：傲慢<br>このスキルが指令の印スキルならスキル威力+1<br>自分の呼吸と対象の沈潜の合計6ごとにスキル威力+1（最大2）<br>戦闘開始時：自分の[指令の加護]が6未満なら、このスキルの最後のダイスが破壊不能ダイスになる<br>使用時：呼吸3を得る<br>8d2：的中時、沈潜2を付与<br>8d2：破壊されずに的中時、沈潜3を付与。クリティカルダメージ量+4	代行： 刻む	斬撃：傲慢<br>このスキルが指令の印スキルならマッチ威力+2<br>自分の呼吸と対象の沈潜の合計6ごとにスキル威力+1（最大2）<br>対象が指令対象なら、ダメージ量+5<br>戦闘開始時：対象が指令対象なら、このスキルの全ダイスが破壊不能ダイスになる<br>使用時：呼吸5を得る<br>攻撃後：SANが6減少<br>8d2：破壊されずに的中時、沈潜3を付与<br>8d2：破壊されずに的中時、沈潜3を付与。クリティカルダメージ量+4	なし	なし	大人しく潰されてください	打撃：憂鬱<br>このスキルが指令の印スキルならダメージ量+3<br>自分の呼吸と対象の沈潜の合計6ごとにスキル威力+1（最大2）<br>2d8：破壊不能ダイス。破壊されずに的中時、呼吸1を得る<br>2d8：破壊不能ダイス。破壊されずに的中時、呼吸1を得る<br>2d9：破壊不能ダイス。破壊されずに的中時、呼吸1を得る<br>2d10+2：破壊不能ダイス。破壊されずに的中時、呼吸1を得る	代行： 抹殺	斬撃：憂鬱<br>このスキルが指令の印スキルならダメージ量+5<br>自分の呼吸と対象の沈潜の合計6ごとにスキル威力+1（最大2）<br>攻撃後：SANが15減少<br>7d2：破壊不能ダイス。破壊されずに的中時、沈潜1を付与<br>7d2：破壊不能ダイス。破壊されずに的中時、沈潜1を付与<br>8d2：破壊不能ダイス。破壊されずに的中時、沈潜1を付与<br>9d2+2：破壊不能ダイス。破壊されずに的中時、沈潜1を付与	なし	なし	なし	なし	なし	なし	[指令] 最大1 中立バフ<br>特定条件によって[指令[端末機]]が与えられる<br><br>[-指令[端末機]Ⅰ-]<br>○○へ、指令の印が刻まれたスキルを使用・的中させる<br>R開始時、指令の加護が0～2のときに得る<br>この指令で達成できる[指令の加護]最大値：3<br><br>[-指令[端末機]Ⅱ]<br>○○へ、指令の印が刻まれたスキルで15以上ダメージを与えてR終了<br>R開始時、[指令の加護]が3～5のときに得る<br>この指令で達成できる[指令の加護]最大値：6<br><br>[-指令[端末機]Ⅲ-]<br>○○へ、指令の印が刻まれたスキルで対象を混乱状態または討伐する<br>R開始時、[指令の加護]が6～8のときに得る<br>この指令で達成できる[指令の加護]最大値：9<br><br>[-指令[端末機]Ⅳ-]<br>○○へ、全ての敵を倒す。期限は次の指令が来るまで<br>R開始時、[指令の加護]が9のときに得る<br><br>[指令対象] 最大1 中立バフ<br>人差し指所属人格の数に関係なく、毎R敵1名にのみ付与される<br>R終了時、除去<br><br>[指令の加護] 最大9 バフ<br>数値/3だけダメージ量増加<br>数値が9ならマッチ威力+1<br><br>[カルマ] 最大20 デバフ<br>数値/2だけ被ダメージ量1増加（最大10）<br><br>[解禁] 最大1 バフ<br>[指令の加護]が一定数値以上なら得る<br>[指令の加護]数値によって段階が増加し一定段階まで到達可能<br><br>[-解禁-Ⅰ-]<br>R終了時、SANを5回復<br><br>[-解禁-Ⅱ-]<br>被ダメージ量-1<br>R終了時、SANを10回復<br><br>[-解禁-Ⅲ-]<br>被ダメージ量-2<br>R終了時、SANを15回復<br><br>[開花 E.G.O「代行」] 最大10 バフ<br>マッチ威力+1、被ダメージ量-1。<br>基本スキルで得る呼吸の数+1<br>全てのスキルがS〇-2に変更<br>スキルを使用する度に数値が1増加<br>R終了時、数値x3だけSAN減少（最大30減少）<br>R終了時、SANが0なら[開花 E.G.O「代行」]を削除<br><br>[シン（心）-代行] 最大1 バフ<br>速度値+1<br>自分の減少HP20ごとにダメージ量+1（最大5）
43	蜘蛛の巣 中指の子方の人格	蜘蛛の巣,中指	160	50	1d7	普通	弱点	抵抗	なし	中指は忘れない	嫉妬x3 保有	前のRに味方へスキルで最も多くダメージを与えた対象に、[仕返し対象]1を付与<br>戦闘開始時、自分に[熱線]がないなら、嫉妬共鳴3以上の時、次のRに[熱線]2を得る	自分が敵からダメージを受けるたびに[中指-怨恨]2を得る（1Rに2回）<br>自分を除く中指所属の味方が敵からダメージを受けるたび、[中指-怨恨]1を得る（人格ごとに1Rに1回）<br>自分や味方を攻撃した対象が[仕返し対象]なら追加で1得る<br>戦闘開始時、嫉妬共鳴が4以上ならこのRに得る[中指-怨恨]の数値が2倍<br>自分が[中指-怨恨]を5消費するたび、[中指式強化刺青]1を得る（1Rに2回）	なし	なし	なし	なし	ただじゃ置かないかんね	打撃反撃：嫉妬<br>戦闘開始時：嫉妬共鳴数が5以上なら、反撃時に「ヴァイオレット・ブレイク・スラム」として使用<br>4d2：的中時、SANを6回復<br>4d2：的中時、出血1を付与	なし	なし	なし	なし	ガチ殴り	打撃：憤怒<br>対象の火傷と出血の合計が6以上ならスキル威力+2<br>使用時：SANを5回復<br>3d4+1：的中時、次のRに出血1を付与<br>3d4：的中時、自分の[中指式強化刺青]が5以上なら、このダイスを2回だけ再使用	なし	なし	なし	なし	フィクサー切腹！	打撃：色欲<br>対象の火傷と出血の合計が8以上ならスキルd値+1<br>使用時：自分に[中指式強化刺青]があるならこのスキルで付与する出血+1<br>5d2+1：的中時、出血3を付与<br>5d2+1：的中時、次のRに出血2を付与	なし	なし	なし	なし	十字乱舞！	打撃：傲慢<br>対象の火傷と出血の合計が6以上ならスキル威力+1<br>戦闘開始時：（最も高い共鳴数/3）だけマッチ威力+1（最大2）<br>使用時：次のRに挑発値5を得る<br>4d3+1：的中時、出血2を付与<br>4d3+1：的中時、次のRに出血1を付与<br>4d4：的中時、打撃ダメージ5を与える。自分に[中指式強化刺青]があるなら、次のRに麻痺1と束縛1を付与	なし	なし	なし	なし	ヴァイオレット・ブレイク・スラム！	打撃：嫉妬<br>対象の火傷と出血の合計が6以上ならスキル威力+1<br>戦闘開始時：(最も高い共鳴数/3)だけマッチ威力+1（最大2）<br>使用時：自分の[中指-怨恨]5ごとにスキル威力+1（最大3）<br>攻撃後：自分の[中指-怨恨]を全て消費。このスキルを反撃スキルとして使用したなら、次のRに打撃ダメージ量増加1を得る<br>4d3：的中時、出血2を付与<br>4d3：的中時、出血1を付与<br>4d4<br>2d10：的中時、このスキルの総合ダメージ量の（嫉妬共鳴数x5）％だけ追加で斬撃ダメージ（最大20）	なし	なし	なし	なし	なし	なし	なし	なし	[中指-怨恨] 最大15 バフ<br>仕返し対象への与ダメージ量+2<br><br>[中指式強化刺青] 最大10 バフ<br>数値5ごとに基本スキルのスキル威力+1（最大2）<br>数値2ごとに、嫉妬属性のスキルまたは打撃スキルのダメージ量+1（最大5）<br><br>[熱線] 最大2 バフ<br>基本スキルを的中させた対象が火傷を保有しているなら、自分のSANが3回復（1Rに最大2）<br>基本スキルで出血を付与する時、該当効果の出血付与量だけ火傷を付与<br>R終了時、1減少
44	蜘蛛の巣 薬指の子方の人格	蜘蛛の巣,薬指	160	50	1d7	抵抗	普通	弱点	なし	大事な作品、ファシア	暴食x3 保有	自分が得る充電が全て生体材料に変換され自分が得る電圧が全て作品名：ファシアに変換される<br>戦闘中、累計で自分の生体材料を10消費するごとに作品名：ファシア1を得る	攻撃後、スキルでダメージを与えたのなら、[生体材料]5を得る<br>対象が死亡したなら追加で3得る	なし	なし	なし	なし	展示会の準備	0-1：展示会の準備<br>マッチ可能防御：色欲<br>作品名：ファシアがあるなら「始まった展示会」へ変換<br>マッチ勝利時：出血4を付与<br>7d2	始まった展示会	回避：色欲<br>戦闘開始時：[援護防御]1を得る<br>8d2：回避成功時、次のRに束縛1を付与し次のRにクイック1を得る	ヴァンダリズムはお断りよ	マッチ可能斬撃反撃：憤怒<br>[援護防御専用スキル]<br>使用時：対象の出血が6以上ならスキル威力+1<br>2d9<br>2d9：的中時、次のRに出血2を付与	屠畜 - 肋骨	斬撃：暴食<br>使用時：対象の出血が6以上ならスキル威力+1<br>4d3：的中時、出血4を付与<br>4d3：的中時、次のRに脆弱1を付与し保護1を得る	なし	なし	なし	なし	回転粉砕	斬撃：暴食<br>使用時：対象の出血4ごとにスキルd値+1（最大2）<br>3d3+1：的中時、次のRに出血3を付与<br>3d3+1<br>2d8：的中時、次のRに虚弱1を付与しパワー1を得る	なし	なし	なし	なし	ファシアが餓えてるわ	斬撃：嫉妬<br>[作品名：ファシア]があるなら「ファシアの食事時間よ」へ変換<br>使用時：自分の[生体材料]が10以上なら[生体材料]を5消費してマッチ威力+1、このスキルの最終ダイスが破壊不能ダイスになる<br>4d3+1：的中時、次のRに出血2を付与<br>4d3+1：的中時、次のRに束縛1を付与<br>4d4：的中時、[生体材料]4を得る	ファシアの食事時間よ	斬撃：嫉妬<br>対象の出血が6以上ならスキル威力+1<br>使用時：自分の[生体材料]が10以上なら[生体材料]を5消費してマッチ威力+1、このスキルの最終ダイスが破壊不能ダイスになる<br>4d3+1：的中時、次のRに出血3を付与<br>4d3+1：的中時、次のRに束縛2を付与しクイック1を得る<br>4d4：的中時、[生体材料]4を得る	なし	なし	抑圧された肉体	斬撃：色欲<br>[作品名：ファシア]があるなら「抑圧された肉体の解放」へ変換<br>対象の出血が6以上ならスキル威力+1<br>使用時：自分の[生体材料]が10以上なら[生体材料]を最大20まで消費して以下の効果を適応。スキル威力+2、消費した[生体材料]3ごとにダメージ量+1（最大6）<br>攻撃後：このスキルを捨てる<br>3d5：的中時、出血3を付与<br>3d5：的中時、次のRに束縛1を付与<br>3d6：的中時、次のRにダメージ量減少1を付与<br>3d7：対象のデバフの種類だけダメージ量増加（最大7）	抑圧された肉体の解放	斬撃：色欲<br>対象の出血6ごとにスキル威力+1（最大2）<br>使用時：自分の[生体材料]が10以上なら[生体材料]を最大20まで消費して以下の効果を適応。スキル威力+2、消費した[生体材料]2ごとにダメージ量+1（最大7）、全ダイスが破壊不能ダイスになる<br>攻撃後：このスキルを捨てる<br>3d5：的中時、出血3を付与<br>3d5+1：的中時、次のRに束縛1を付与しクイック1を得る<br>3d6+1：的中時、次のRにダメージ量減少1を付与し、斬撃ダメージ量増加1を得る<br>3d7+1：対象のデバフの種類だけダメージ量増加（最大10）。的中時、次のRに出血3を付与	なし	なし	なし	なし	なし	なし	[生体材料] 最大20 バフ<br>この効果は充電として扱われる<br>R終了時、数値が1減少<br><br>[作品名：ファシア] 最大10 バフ<br>この効果は電圧として扱われる<br>対象のデバフの種類2ごとにマッチ威力+1（最大2）<br>数値によって下記の効果を得る<br>1以上：スキル威力+1<br>2以上：敵に出血があるならダメージ量+2<br>3以上：攻撃的中時、次のRに出血1を付与（1Rに最大2回）<br>4以上：スキル威力+1<br><br>[援護防御] 最大3 バフ<br>一方攻撃されるとき、数値を1消費して敵の攻撃対象を自分に変更し、[援護防御専用スキル]を使用<br>[援護防御]を保有する味方が複数名いるなら、最も高い数値を持つ味方が優先して発動<br>守備スキルを装着した味方には発動しない<br>R終了時、消滅
45	蜘蛛の巣 小指の子方の人格	蜘蛛の巣,小指	155	55	3d2	抵抗	弱点	普通	なし	精神一到	傲慢x3 保有	呼吸の最大値が25に制限される<br>25を超過して得る呼吸は[月下青刀]に変換される	戦闘開始時、傲慢共鳴だけ呼吸を得る<br>自分がこのRに攻撃スキルを装着しなかったなら、SANを6回復して次のRに斬撃威力増加1を得る	なし	なし	なし	なし	守	マッチ可能防御：傲慢<br>呼吸が20以上なら「回」に変更される<br>戦闘開始時：呼吸8を得る<br>2d10	回	回避：傲慢<br>戦闘開始時：[月下青刀]だけバリアを得て呼吸7を得る<br>8d2：回避成功時、次のRにクリティカルダメージ量増加1を得る（最大3）	なし	なし	連撃	斬撃：憂鬱<br>自分の呼吸7ごとにスキルd値+1（最大2）<br>使用時：呼吸4を得る<br>2d8：的中時、呼吸1を得る<br>2d8+1：的中時、呼吸2を得て次のRに出血2を付与。クリティカル過半数的中時、次のRにクイック2を得る	なし	なし	なし	なし	無名閃	斬撃：傲慢<br>自分の呼吸10ごとに広域指定人数+1（最大2）<br>使用時：呼吸3を得る<br>マッチ勝利時：次のRにクリティカル成功率上昇3を得る<br>4d3：クリティカルダメージ量+5<br>4d3：的中時、次のRに斬撃脆弱1と出血2を付与	なし	なし	なし	なし	無名斬	斬撃：傲慢<br>広域：対象3体<br>[広域乱射]<br>使用時：自分の呼吸5ごとにスキル威力+1（最大3）<br>3d5：的中時、呼吸3を得る<br>2d9：クリティカルダメージ量+2。的中時、呼吸2を得て次のRに出血1を付与。クリティカル過半数的中時、このダイスを1度だけ再使用。再使用過半数的中時、自分の[月下青刀]が10以上ならこのダイスを1度だけ再使用	なし	なし	なし	なし	落星一殺	斬撃：憤怒<br>このスキルの広域指定人数より攻撃対象が少ない場合、対象数1名ごとにダメージ量+4<br>戦闘開始時：自分の[月下青刀]が25なら破壊不能ダイスに変更される<br>使用時：自分の[月下青刀]5ごとにスキル威力+1<br>攻撃前：自分の[月下青刀]10ごとに広域指定人数+1（最大2増加）<br>攻撃終了時：このスキルで増加した広域指定人数1ごとに[月下青刀]10減少<br>8d2：クリティカルダメージ量+7。的中時、出血3を付与。クリティカル過半数的中時、このスキルの最終合計ダメージ量の25％だけ斬撃ダメージを与える（最大25）	なし	なし	なし	なし	なし	なし	なし	なし	[月下青刀] 最大25 バフ<br>R開始時、数値だけバリアを得る<br>数値5ごとにクリティカルダメージ量+1
46	蜘蛛の巣 親指の親方の人格	蜘蛛の巣,親指	160	50	4d2	抵抗	普通	弱点	10	ボニャテッリ家の恥	憤怒x3 怠惰x3 保有	舞台開始時、[予知眼]30を得る<br>自分の[予知眼]が0になると、「セッチォナトゥラ・デッレ・エレファンテ」が「処分」へ変換<br>「処分」へ変換されている間、戦闘開始時に自分が前のRに攻撃した敵1名に[狩りの目標]1を付与<br>[予知眼]があるなら、マッチ回数1ごとに[加速する未来]1を得る（最大5）<br>[予知眼]があるなら、一方攻撃または、破壊不能ダイス攻撃を受けるか、攻撃スキルとのマッチ敗北時に「予知」を使用（1Rに1回）	メインターゲットの火傷5ごとにダメージ量+1（最大3）<br>対象にバリアがあるなら代わりにメインターゲットの火傷3ごとにダメージ量+1（最大8）<br>戦闘中、自分の[予知眼]が0になるか、蜘蛛の巣 親指の子方が死亡したなら、[シン（心）-不名誉]1を得る	なし	なし	なし	なし	失せろ！	マッチ可能斬撃反撃：傲慢<br>使用時：[予知眼]が4減少。対象の火傷と振動の合計が8以上なら、スキル威力+1<br>R終了時：弾丸が5未満なら、弾丸が5になるよう弾丸を回復<br>2d9：的中時、火傷1と振動1を付与<br>2d9：的中時、火傷1と振動1を付与	予知	回避：憂鬱<br>スキルの全ダイスに回避成功した時、攻撃した敵へ「セッチォナトゥラ・デル・コニリオ」で一方攻撃する<br>自分の[予知眼]2ごとにスキル威力+1（最大8）<br>使用時：呼吸3を得る<br>2d8+2：回避成功時、呼吸2を得て[予知眼]を1減少	なし	なし	コルピ・ディ・タッリョ	斬撃：傲慢<br>使用時：対象の火傷と振動の合計6ごとにスキル威力+1（最大2）<br>マッチ勝利時：残ったダイス数だけ、自分の[予知眼]を減少させ減少した数値1ごとにダメージ量+1（最大2）<br>2d8：的中時、火傷2と振動1を付与<br>2d8：的中時、火傷1と振動2を付与	セッチォナトゥラ・デル・コニリオ	斬撃：色欲<br>[マッチ不可]<br>使用時：対象の火傷と振動の合計4ごとにスキル威力+1（最大2）<br>2d9：的中時、火傷1と振動2を付与<br>2d10：的中時、[振動爆発]。振動を1消費	なし	なし	コルポ・ディ・プンタ	斬撃：色欲<br>使用時：対象の火傷と振動の合計6ごとにスキル威力+1（最大2）<br>マッチ勝利時：残ったダイス数だけ、自分の[予知眼]を減少させ減少した数値1ごとにダメージ量+1（最大4）<br>2d7+2：的中時、火傷1と振動1を付与<br>2d7+2：的中時、対象の振動を振動-灼熱へ[振幅変換]	なし	なし	なし	なし	喜んでこの弾丸で撃ち抜いてやろう	斬撃：怠惰<br>使用時：対象の火傷と振動の合計6ごとにスキル威力+1（最大2）<br>マッチ勝利時：残ったダイス数だけ、自分の[予知眼]を減少させ減少した数値1ごとにダメージ量+1（最大3）<br>6d2：弾丸を1消費。的中時、火傷2と振動2を付与<br>6d2：弾丸を1消費。的中時、振動4を付与<br>2d8：的中時、[振動爆発]。振動を1消費	なし	なし	なし	なし	セッチォナトゥラ・デッレ・エレファンテ	斬撃：憤怒<br>使用時：対象の火傷と振動の合計6ごとにスキル威力+1（最大2）<br>攻撃前：[予知眼]を最大10減少<br>2d8：弾丸を1消費。的中時、火傷2と振動2を付与<br>2d8：弾丸を1消費。的中時、火傷2と振動2を付与<br>2d9：弾丸を1消費。的中時、対象の振動を振動-灼熱へ[振幅変換]<br>2d9：的中時、[振動爆発]。振動を1消費。このスキルで消費した弾丸だけ追加で[振動爆発]（最大2）	処分	斬撃：憤怒<br>対象のHPが50％以下なら、ダメージ量+5<br>対象の火傷と振動の合計4ごとにスキル威力+1（最大3）<br>使用時：弾丸が1以上ならスキルd値+1<br>敵討伐時：[再装填]。[狩りの目標]状態の敵を討伐したなら、このスキルの攻撃後の効果を無効化する<br>攻撃後：「セッチォナトゥラ・デッレ・エレファンテ」へ変換<br>2d9：破壊不能ダイス。的中時、振動2と火傷2を付与<br>2d9：破壊不能ダイス。的中時、振動2と火傷2を付与<br>2d9+1：破壊不能ダイス。的中時、振動2と火傷2を付与<br>2d9+1：破壊不能ダイス。的中時、対象の振動を振動-灼熱へ[振幅変換]<br>2d9+2：破壊不能ダイス。弾丸を最大5消費。このダイスで消費する弾丸だけダメージ量増加。的中時、[振動爆発]。振動を2消費。このダイスで消費した弾丸だけ追加で[振動爆発]（最大2）	なし	なし	なし	なし	なし	なし	[予知眼] 最大30 バフ<br>1Rに、最大10まで減少する<br>このRに予知眼の数が0になったなら、R終了時に[予知眼-加熱]1を得る<br><br>[予知眼-加熱] 最大30 バフ<br>R開始時、数値が10増加<br>被ダメージ量+2<br>数値が30なら[予知眼]に変換<br><br>[加速する未来] 最大5 バフ<br>数値2ごとにマッチ威力+1<br>数値が5ならスキル威力+2<br>攻撃後に消滅<br><br>[シン（心）-不名誉] 最大1 バフ<br>基本スキルで付与する振動と火傷の付与量+1<br>自分の呼吸5ごとにダメージ量+1（最大2）<br><br>[狩りの目標] 最大1 デバフ<br>R終了時、消滅
47	蜘蛛の巣 人差し指の親方の人格	蜘蛛の巣,人差し指	160	50	1d8	抵抗	弱点	普通	なし	神託代行者	暴食x1 憂鬱x1 傲慢x1 保有	R開始時、自分の[指令の加護]の数値によって指令が変化。<br>ランダムな敵1名へ[指令対象]1を付与<br>指令の印スキルが存在しないなら、戦術スキル0～3からランダムに1つを指令の印スキルに指定する<br>解禁がない、または[解禁Ⅰ]の時に指令を遂行したなら、R終了時、SANを5回復し[指令の加護]1を得る<br>指令対象にスキルを的中させて指令を遂行したなら代わりにSANを10回復し[指令の加護]3を得る<br>このRに指令を遂行できなかったなら、R終了時、[カルマ]1を得る<br>[指令の加護]が9以上なら[カルマ]を得ない<br>[解禁Ⅱ]の時、このRに[指令Ⅲ]を遂行したならR終了時、SANを5回復。<br>指令遂行時、[代行[ヘルメス]]が9になったなら、代わりにSAN10を回復し[指令の加護]3を得る<br>R終了時、[指令の加護]が3/6/9なら、[解禁-Ⅰ]/[解禁-Ⅱ]/[解禁-Ⅲ]を得る<br>[解禁-Ⅲ]を得るなら[シン（心）-運命]1を得る	指令の加護/3だけダメージ量増加<br>基本攻撃スキルの破壊不能ダイスが的中時、代行[ヘルメス]1を得る<br>代行[ヘルメス]が9の間、戦術選択ダイスロールのd数が1減少する代わりに、この幕に選択できる戦術スキルの1つが確定でスキル4になる<br>その後、スキル4が指令の印スキルになる	神託端末機[カドゥケウス]	なし	なし	基本攻撃スキルのダイスごとに武器がランダムに決まり、特殊効果が適応される<br>スキルに明記されている攻撃属性と同じ攻撃属性の武器はダメージ量+2。それ以外の場合ダメージ量-2<br>指令の印スキル使用時、[代行[ヘルメス]]1を得る	予測できぬ気まぐれで	回避：憂鬱<br>このスキルが指令の印スキルなら、スキル威力+2<br>戦闘開始時：呼吸4を得る<br>R終了時：[解禁Ⅱ]未満なら、[解禁-Ⅱ]を得て[指令の加護]が6まで増加<br>増加した[指令の加護]1ごとに[カルマ]1を得る<br>8d2：回避成功時、呼吸2を得る（最大3回）	なし	なし	なし	なし	凍りついた血を三百三十巻きつけて	打撃：暴食<br>打撃武器以外の武器がランダムで1つ除外。[カルマ]が10以上ならこの効果は発動しない<br>自分の呼吸と対象の沈潜の合計が6以上ならマッチd値+1<br>このスキルが指令の印スキルならマッチ威力+1<br>使用時：呼吸4を得る。自分の（解禁段階-1）だけ最終ダイスから破壊不能ダイスに変更される<br>2d8<br>2d9：的中時、呼吸2を得る。破壊されずに的中時、沈潜1を付与	なし	なし	なし	なし	音のしない手を拍き愉しみ、声を出さず憂く貫き	貫通：傲慢<br>貫通武器以外の武器がランダムで1つ除外。[カルマ]が10以上ならこの効果は発動しない<br>自分の呼吸と対象の沈潜の合計10ごとにダメージ量+2（最大6）<br>このスキルが指令の印スキルならマッチ進行時に対象のマッチ威力-2<br>使用時：呼吸1を得る。自分の解禁段階だけ最終ダイスから破壊不能ダイスに変更される<br>3d3+4：的中時、呼吸3を得る<br>3d3+4：的中時、沈潜2を付与<br>2d9+1：的中時、呼吸2を得る。破壊されずに的中時、沈潜1を付与	なし	なし	なし	なし	音を砕いて、思考を平たく踏み潰せ	斬撃：憂鬱<br>斬撃武器以外の武器がランダムで1つ除外。[カルマ]が10以上ならこの効果は発動しない<br>自分の呼吸と対象の沈潜の合計10ごとにスキル威力+1（最大2）<br>このスキルが指令の印スキルならスキル威力+2<br>使用時：（自分の解禁段階+1）だけ最終ダイスから破壊不能ダイスに変更される<br>2d8<br>2d8：的中時、呼吸2を得る<br>2d9：破壊されずに的中時、沈潜2を付与<br>2d10：破壊されずに的中時、沈潜1を付与。クリティカル的中時、呼吸1を得る	なし	なし	なし	なし	Furioso-Replica	斬撃：憤怒<br>広域：対象7体<br>[広域乱射]<br>このスキルは戦術選択ダイスロールに含まれない<br>d値とd数が変動しない、代わりに該当効果が増加する時、数値1ごとにスキル威力+1<br>このスキルが指令の印スキルならダメージ量+3<br>戦闘開始時：このRの間、[代行[ヘルメス]]を得ない。このスキルが的中する度に沈潜1を付与または呼吸1を得る<br>使用時：マッチ威力+2<br>攻撃後：的中した全対象へ次のRに火傷8束縛2脆弱3を付与。[代行[ヘルメス]]を全て消費<br>2d9：破壊不能ダイス<br>2d9：破壊不能ダイス<br>2d9：破壊不能ダイス<br>2d9：破壊不能ダイス<br>2d9：破壊不能ダイス<br>2d9：破壊不能ダイス<br>2d9：破壊不能ダイス<br>2d9：破壊不能ダイス<br>2d9：破壊不能ダイス。このダイスの[武器]は鎌に固定。クリティカルダメージ量+6	なし	なし	なし	なし	なし	なし	なし	なし	[指令] 最大1 中立バフ<br>特定条件によって[指令[端末機]]が与えられる<br><br>[-指令[端末機]Ⅰ-]<br>○○へ、指令の印が刻まれたスキルを使用・的中させる<br>R開始時、[指令の加護]が0～2のときに得る<br>この指令で達成できる[指令の加護]最大値：3<br><br>[-指令[端末機]Ⅱ-]<br>○○へ、指令の印が刻まれたスキルでマッチ勝利<br>R開始時、[指令の加護]が3～5のときに得る<br>この指令で達成できる[指令の加護]最大値：6<br><br>[-指令[端末機]Ⅲ-]<br>○○へ、[代行[ヘルメス]]を得ろ。[代行[ヘルメス]]が9になるまでこの指令を繰り返す<br>R開始時、[指令の加護]が6～8のときに得る<br>この指令で達成できる[指令の加護]最大値：9<br><br>[-指令[端末機]Ⅳ-]<br>○○へ、全ての敵を倒す。期限は次の指令が来るまで<br>R開始時、[指令の加護]が9のときに得る<br><br>[指令対象] 最大1 中立バフ<br>人差し指所属人格の数に関係なく、毎R敵1名にのみ付与される<br>R終了時、除去<br><br>[指令の加護] 最大9 バフ<br>数値/3だけダメージ量増加<br>数値が9ならマッチ威力+1<br><br>[カルマ] 最大20 デバフ<br>数値/2だけ被ダメージ量1増加（最大10）<br><br>[代行[ヘルメス]] 最大9 中立バフ<br>1Rに（解禁段階+2）だけ得ることができる<br>[解禁-Ⅱ]未満なら、最大8までしか得ることができない<br><br>[解禁] 最大1 バフ<br>[指令の加護]が一定数値以上なら獲得<br>[指令の加護]数値によって段階が増加し一定段階まで到達可能<br><br>[-解禁-Ⅰ-]<br>R終了時、SANを5回復<br><br>[-解禁-Ⅱ-]<br>被ダメージ量-1<br>R終了時、SANを10回復<br><br>[-解禁-Ⅲ-]<br>被ダメージ量-2<br>R終了時、SANを15回復<br><br>[シン（心）-運命] 最大1 バフ<br>速度ダイスが4d2に変更<br>基本攻撃スキルの呼吸獲得量+1<br>自分のSANが対象より高ければ、SANの差5ごとにダメージ量+1（最大5）<br><br>[武器] 中立バフ<br>[-手斧で肋骨を叩き割るときは…-]<br>└打撃武器。このダイスのダメージは打撃属性として適用される。破壊されずに的中時、呼吸2を得る<br><br>[-スティレットで肺を貫き刺すときは…-]<br>└貫通武器。このダイスのダメージは貫通属性として適用される。破壊されずに的中時、沈潜2を付与<br><br>[-バスタードソードで肩と頭を叩き潰すときは…-]<br>└斬撃武器。このダイスのダメージは斬撃属性として適用される。該当ダイスのダメージ量+1。破壊されずに的中時、次のRにダメージ量増加1を得る<br> <br>[-レイピアで体に10個以上の穴を開けるべきときは…-]<br>└貫通武器。このダイスのダメージは貫通属性として適用される。該当ダイスのダメージ量+1。破壊されずに的中時、次のRに脆弱1を付与<br><br>[-ハンマーで後頭部を潰すべきときは…-]<br>└打撃武器。このイスのダメージは打撃属性として適用される。該当ダイスのダメージ量+1。破壊されずに的中時、SANを4回復<br><br>[-大剣で胴体を真っ二つに裂くべきときは…]<br>└斬撃武器。このダイスのダメージは斬撃属性として適用される。該当ダイスのダメージ量+2。破壊されずに的中時、斬撃脆弱1を付与<br><br>[-ランスで20インチの穴を穿つべきときは…-]<br>└貫通武器。このダイスのダメージは貫通属性として適用される。該当ダイスのダメージ量+2。破壊されずに的中時、貫通脆弱1を付与<br><br>[-鞭で肉体を万枚引き剥がすべきときは…-]<br>└打撃武器。このダイスのダメージは打撃属性として適用される。該当ダイスのダメージ量+2。破壊されずに的中時、打撃脆弱1を付与<br><br>[-鎌で…誰かのように、空間に沿って斬り裂くべきときは…-]<br>└斬撃武器。このダイスのダメージは斬撃属性として適用される。該当ダイスのダメージ量+3。破壊されずに的中時、クリティカルダメージ量+2
48	蜘蛛の巣 中指の親方の人格	蜘蛛の巣,中指	180	45	1d6	普通	弱点	抵抗	なし	封印された剣[レーヴァテイン]	嫉妬x4 保有	舞台開始時、[封印された剣]1と[熱を帯びてゆく娯しみ]2を得る<br>[熱を帯びてゆく娯しみ]が0なら、ランダムな敵1名に「ラッピングを剝がしてみるか」を使用<br>剣の状態が変更された時、レーヴァテイン状態でないなら、[熱を帯びてゆく娯しみ]2を得る	自分が敵にダメージを受けるたびに[中指-怨恨]2を得る（1Rに2回）<br>戦闘開始時、嫉妬共鳴1ごとに[中指-怨恨]1を得る（最大7）<br>自分の剣が[レーヴァテイン]状態なら、HPが25％未満の味方が敵とのマッチで敗北したとき、その敵をメインターゲット、その味方をサブターゲットに指定した「家族のために犠牲になる娘ちゃんの気持ち、忘れずにお返ししてやる」を使用する（戦闘中1回）<br>当該スキルで中指所属の味方を倒した場合、次のRに嫉妬ダメージ量増加1を得る<br>蜘蛛の巣中指の子方を倒した場合、代わりに次のRに[家族の復讐]1を得る	なし	なし	なし	なし	ルール違反	打撃反撃：嫉妬<br>戦闘開始時：嫉妬共鳴が6以上なら、反撃時に「怨念スタンピング」を使用。自分の剣がレーヴァテイン状態なら、代わりに「即決処刑[レーヴァテイン]」を使用<br>7d2：的中時、出血2を付与<br>7d2：的中時、SANを10回復	なし	なし	なし	なし	踏み潰す	打撃：色欲<br>対象の火傷と出血の合計6ごとにスキル威力+1（最大2）<br>使用時：自分に[中指-怨恨の刺青[長兄・長姉]]があるなら、このスキルの最後のダイスが破壊不能ダイスに変更される<br>3d4：的中時、出血2を付与<br>3d4+1：的中時、[中指-怨恨の刺青[長兄・長姉]]があれば、次のRに束縛1を付与	なし	なし	なし	なし	蹴飛ばす	打撃：憤怒<br>対象の火傷と出血の合計6ごとにスキル威力+1（最大2）<br>使用時：自分に[中指-怨恨の刺青[長兄・長姉]]があるなら、このスキルで攻撃的中時に出血1を付与<br>2d9：的中時、SANを5回復<br>2d9+1：的中時、SANを5回復	なし	なし	なし	なし	たかがこれしきで壊れんなよ！	打撃：嫉妬<br>対象の火傷と出血の合計6ごとにスキル威力+1（最大2）<br>戦闘開始時：(最も高い共鳴数/3)だけマッチd数+1（最大2）<br>使用時：自分に[中指-怨恨の刺青[長兄・長姉]]の数だけ、このスキルの最後のダイスから破壊不能ダイスに変更される。自分の剣が[1段階 封印解除]または[2段階 封印解除状態]なら、このスキルで付与する出血の基本値と同量の火傷を付与<br>攻撃後：次のRに挑発値5を得る<br>6d2：的中時、出血1を付与。次のRに束縛1を付与<br>6d2：的中時、出血1を付与。次のRに麻痺1を付与<br>7d2：的中時、出血1を付与。破壊されずに的中時、自分に[中指-怨恨の刺青[長兄・長姉]]があれば、（対象の火傷と出血の合計/2）だけ打撃ダメージを与える(最大25)	ナイフキル[レーヴァテイン]	打撃：嫉妬<br>対象の火傷と出血の合計10ごとにスキル威力+1（最大2）<br>戦闘開始時：（最も高い共鳴数/3）だけマッチ威力+1（最大2）<br>使用時：次のRに挑発値5を得る<br>攻撃前：このスキルのダイス数だけ火傷を得る<br>攻撃後：SANを5減少<br>4d3：破壊不能ダイス。的中時、火傷4を付与<br>4d3：破壊不能ダイス。的中時、出血4を付与<br>5d3：破壊不能ダイス。的中時、火傷1を付与	なし	なし	怨念スタンピング	打撃：嫉妬<br>対象の火傷と出血の合計10ごとにスキル威力+1（最大2）<br>嫉妬共鳴が6以上なら、スキル威力+1<br>[中指-怨恨の刺青[長兄・長姉]]の数だけスキル威力増加（最大3）<br>戦闘開始時：（最も高い共鳴数/3）だけマッチ威力+1（最大2）<br>使用時：自分に[中指-怨恨の刺青[長兄・長姉]]の数だけ、このスキルの最後のダイスから破壊不能ダイスに変更される。自分の剣が[1段階 封印解除]または[2段階 封印解除状態]なら、このスキルで付与する出血の基本値と同量の火傷を付与<br>攻撃後：[中指-怨恨]を全て消費。消費した数5ごとに[中指-怨恨の刺青[長兄・長姉]]1を得る<br>5d2：的中時、出血2を付与<br>5d2：的中時、次のRに出血1を付与<br>6d2<br>7d2：破壊不能ダイス。的中時、次のRに出血1を付与	即決処刑[レーヴァテイン]	打撃：嫉妬<br>対象の火傷と出血の合計10ごとにスキル威力+1（最大3）<br>[中指-怨恨の刺青[長兄・長姉]]の数だけスキル威力増加（最大3）<br>嫉妬共鳴が6以上ならスキルd数+1<br>戦闘開始時：（最も高い共鳴数/3）だけマッチ威力+1（最大2）<br>攻撃前：このスキルのダイス数だけ火傷を得る<br>攻撃後：SANを5減少。[中指-怨恨]を全て消費。消費した数5ごとに[中指-怨恨の刺青[長兄・長姉]]1を得る<br>6d2：破壊不能ダイス。的中時、火傷4を付与<br>6d2：破壊不能ダイス。的中時、火傷2を付与<br>6d2：破壊不能ダイス。的中時、出血2を付与。対象の火傷と出血の合計だけ斬撃ダメージ（最大10）<br>7d2：破壊不能ダイス。的中時、出血1を付与。対象の火傷と出血の合計だけ斬撃ダメージ（最大10）<br>8d2：破壊不能ダイス。的中時、対象の火傷と出血の合計/2だけ貫通ダメージ（最大15）。対象の火傷と出血の合計/2だけ打撃ダメージ（最大15）	なし	なし	ラッピングを剥がしてみるか	打撃：嫉妬<br>[マッチ不可]<br>このスキルは戦術選択ダイスロールから除外される<br>このスキルは外部効果で再使用できない<br>攻撃後：現在の剣の状態を次の状態へ変更する<br>4d2：破壊不能ダイス。的中時、火傷3を付与<br>4d2：破壊不能ダイス。的中時、出血3を付与<br>4d2：破壊不能ダイス<br>5d2：破壊不能ダイス。的中時、次のRに嫉妬脆弱2を付与	家族のために犠牲になる娘ちゃんの気持ち、忘れずにお返ししてやる	打撃：嫉妬<br>広域：対象2体<br>[マッチ不可]<br>[対象変更不可]<br>このスキルは戦術選択ダイスロールから除外される<br>このスキルは外部効果で再使用できない<br>使用時：自分の[中指-怨恨の刺青[長兄・長姉]]1ごとにスキル威力+1。ダメージ量+2（最大20）<br>攻撃後：攻撃対象の味方が死亡したなら、[中指-怨恨]10を得る<br>16d2：破壊不能ダイス。対象の打撃耐性が抵抗以上なら普通として扱う。的中時、火傷3と出血3を付与	[熱を帯びてゆく娯しみ] 最大2 中立バフ<br>下記の条件によって数値が1減少（1Rに1回）<br>「怨念スタンピング」使用時(反撃での発動を含む)嫉妬共鳴が6以上のR終了時数値が0なら、「ラッピングを剥がしてみるか」を使用する<br><br>[中指-怨恨] 最大15 バフ<br>仕返し対象への与ダメージ量+2<br><br>[中指-怨恨の刺青[長兄・長姉]] 最大10 バフ<br>数値5ごとにスキル威力+1（最大2）<br>数値3ごとに嫉妬属性のスキルまたは打撃属性のスキルのダメージ量+1<br><br>[封印された剣] 最大1 中立バフ<br>R終了時、次のRにクイック2を得る<br>対象の出血が4以上なら打撃ダメージ量+1<br><br>[-1段階 封印解除-] 最大1 中立バフ<br>R終了時、次のRにクイック1を得る<br>対象の出血が4以上なら打撃ダメージ量+1<br>基本スキルの最終ダイス的中時、対象の火傷と出血の合計が10以上なら、4の貫通ダメージを与える<br><br>[-2段階 封印解除-] 最大1 中立バフ<br>R終了時、次のRにクイック1を得る<br>対象の出血が4以上なら打撃ダメージ量+1<br>基本スキルの最終ダイス的中時、対象の火傷と出血の合計が10以上なら、5の斬撃ダメージを与える<br><br>[-レーヴァテイン-] 最大1 中立バフ<br>R開始時、全てのキャラクターに火傷3を付与<br>「たかがこれしきで壊れんなよ！」と「怨念スタンピング」が「ナイフキル[レーヴァテイン]」と「即決処刑[レーヴァテイン]」に変換される<br>対象の出血が4以上なら打撃ダメージ量+1<br>基本スキルの最終ダイス的中時、対象の火傷と出血の合計が10以上なら、6の斬撃ダメージを与える<br><br>[家族の復讐] 最大1 バフ<br>嫉妬属性の基本スキルのダメージ量+2<br>基本スキルのスキル威力+1 
49	蜘蛛の巣 薬指の親方の人格	蜘蛛の巣,薬指	150	50	1d8	抵抗	普通	弱点	なし	生涯の作品、ティビア	色欲x3 保有	自分が得る充電が全て生体材料に変換され自分が得る電圧が全て[作品名：ティビア]に変換される<br>戦闘中、累計で自分の[生体材料]を10消費するごとに[作品名：ティビア]1を得る<br>舞台開始時、[眺望]21を得る	攻撃後、スキルでダメージを与えたのなら、[生体材料]5を得る<br>対象が死亡したなら追加で3得る	なし	なし	なし	なし	展示会の主演	回避：色欲<br>戦闘開始時：[援護防御]1を得る<br>8d2：回避成功時、次のRに束縛1を付与し次のRにクイック1を得る	ヴァンダリズムはお断りです	マッチ可能斬撃反撃：憤怒<br>[援護防御専用スキル]<br>使用時：対象の出血が6以上ならスキル威力+1<br>7d2<br>7d2：的中時、次のRに出血2を付与	なし	なし	解体	斬撃：暴食<br>対象のデバフの種類2ごとにダメージ量+1（最大3）<br>使用時：対象の出血6ごとにスキル威力+1（最大2）<br>2d9：的中時、出血3を付与<br>2d9：的中時、次のRに脆弱1を付与し保護1を得る	なし	なし	なし	なし	私たちは血と肉を愛しています	斬撃：傲慢<br>[味方指定可能]<br>このスキルは守備スキルを発動させず、外部効果で再使用できず、攻撃が的中しない<br>使用時：対象にパワー1を付与。対象が薬指所属なら追加で忍耐1と保護1を付与<br>2d3	なし	なし	なし	なし	材料獲得 - 血で沐浴するオブジェ	斬撃：嫉妬<br>対象のデバフの種類2ごとにダメージ量+1（最大3）<br>使用時：自分の[生体材料]が10以上なら[生体材料]を5消費してマッチ威力+1、このスキルの最終ダイスが破壊不能ダイスになる<br>3d6：的中時、次のRに出血2を付与<br>3d6：的中時、次のRに束縛1を付与しクイック2を得る<br>2d10：的中時、生体材料5を得る。対象のデバフの種類が5以上なら対象に「設置美術第3号「簡易肋骨」」を使用	設置美術第3号「簡易肋骨」	斬撃：嫉妬<br>このスキルは守備スキルを発動させない<br>使用時：生体材料を5消費<br>3d3：的中時、出血2を付与<br>3d4：的中時、次のRに[身体観劇]3を付与	なし	なし	ティビアのメロディー - 解体されたものが解体されていないものを解体すること	斬撃：色欲<br>眺望が0なら「閉場 - 設置美術第1号「あなた方がまき散らした肉と骨が客席となり」」へ変換（1戦闘に1回のみ）<br>対象の出血が6以上ならスキル威力+1<br>使用時：自分の[生体材料]が10以上なら[生体材料]を最大20まで消費して以下の効果を適応。スキル威力+2、消費した[生体材料]3ごとにダメージ量+1（最大7）、全ダイスが破壊不能ダイスになる、[作品名：ティビア]が3/5以上なら広域指定人数+1/+2<br>攻撃後：このスキルを捨てる<br>3d4+2：的中時、出血3を付与<br>3d4+3：的中時、次のRに束縛1を付与しクイック1を得る<br>2d10+2：的中時、次のRにダメージ量減少1を付与し斬撃ダメージ量増加1を得る<br>2d11+2：対象のデバフの種類だけダメージ量増加（最大5）。的中時、次のRに出血1を付与	閉場 - 設置美術第1号「あなた方がまき散らした肉と骨が客席となり」	斬撃：色欲<br>広域：対象3体<br>対象の出血6ごとにスキル威力+1（最大2）<br>使用時：自分の[生体材料]が10以上なら[生体材料]を最大20まで消費して以下の効果を適応<br>・スキル威力+2<br>・消費した[生体材料]2ごとにダメージ量+1（最大8）<br>・[作品名：ティビア]が3/5以上なら広域指定人数+1/+2<br>攻撃後：全ての薬指所属の味方のSANを15回復しこのスキルを「ティビアのメロディー -解体されたものが解体されていないものを解体すること」へ変換<br>6d2+2：破壊不能ダイス。的中時、出血3を付与<br>6d2+2：破壊不能ダイス。的中時、次のRに束縛1を付与しクイック1を得る<br>7d2+2：破壊不能ダイス。的中時、次のRにダメージ量減少1を付与し斬撃ダメージ量増加1を得る<br>7d2+2：破壊不能ダイス。的中時、次のRに出血3を付与<br>8d2+3：破壊不能ダイス。対象のデバフの種類だけダメージ量増加（最大12）。的中時、火傷8を付与し次のRに[身体観劇]3を付与	なし	なし	なし	なし	なし	なし	[生体材料] 最大20 バフ<br>この効果は充電として扱われる<br>R終了時、数値が1減少<br><br>[作品名：ティビア] 最大10 バフ<br>この効果は電圧として扱われる<br>数値によって下記の効果を得る<br>1以上：スキル威力+1<br>2以上：敵に出血があるならダメージ量+2<br>3以上：攻撃的中時、次のRに出血1を付与（1Rに最大2回）<br>4以上：スキル威力+1<br>5以上：スキル威力+1<br><br>[眺望] 最大21 中立バフ<br>戦場に蜘蛛の巣 薬指の子方がいるならR開始時、保護1を得る<br>自分以外の薬指所属の味方が基本攻撃スキル使用後、数値が1減少<br>R終了時、数値が2減少<br><br>[身体観劇] 最大3 デバフ<br>敵の攻撃スキルで自分に出血が付与されたなら、次のRにランダムな下記の効果を得てこの効果の数値が1減少（スキルごとに1回）<br>・出血3<br>・束縛1<br>・武装解除1<br><br>[援護防御] 最大3 バフ<br>一方攻撃されるとき、数値を1消費して敵の攻撃対象を自分に変更し、[援護防御専用スキル]を使用<br>[援護防御]を保有する味方が複数名いるなら、最も高い数値を持つ味方が優先して発動<br>守備スキルを装着した味方には発動しない<br>R終了時、消滅
50	奥歯ボートセンターフィクサーの人格	奥歯事務所	150	55	2d3+1	弱点	抵抗	普通	なし	クラップドライバー	傲慢x3 保有	なし	振動がある対象に攻撃的中時、沈潜1を付与	なし	なし	なし	なし	迅速歩法	回避：傲慢<br>使用時：破裂保護2を得る<br>1d4+8	なし	なし	なし	なし	破砕準備	貫通：傲慢<br>使用時：振動3を得る<br>2d9：的中時、振動3を得る<br>2d9：的中時、沈潜2を付与	なし	なし	なし	なし	クラップ破砕	貫通：嫉妬<br>使用時：振動5を得る<br>7d2：的中時、沈潜4を付与<br>3d5+2：的中時、次のRに破裂保護3を得る	なし	なし	なし	なし	炸裂	貫通：怠惰<br>自分の振動が5以上ならスキルd値+1<br>3d5：的中時、振動3を付与し、振動2を得る<br>2d10：的中時、沈潜3と脆弱1を付与	なし	なし	なし	なし	過激な判断	貫通：憂鬱<br>自分の振動5ごとにスキル威力+2（最大4）<br>対象の沈潜が6以上ならダメージ量+3<br>5d2：的中時、沈潜4を付与<br>5d2：的中時、沈潜2を付与。自分の振動を5消費し次のRに脆弱1を付与<br>7d2：的中時、沈潜2を付与。自分の振動を5消費し次のRに脆弱2を付与	なし	なし	なし	なし	なし	なし	なし	なし	なし
51	奥歯事務所フィクサーAの人格	奥歯事務所	130	60	1d6+1	抵抗	弱点	普通	なし	こんなときこそ！	怠惰x3 保有	なし	振動爆発時、与えた振動ダメージ/4だけ怠惰脆弱を付与（1Rに最大3）	なし	なし	なし	なし	防御	防御：怠惰<br>使用時：ランダムなスキルを1つ捨てる<br>7d2+1	なし	なし	なし	なし	落ち着いて	貫通：色欲<br>このスキルが捨てられたなら、振動4を得る<br>自分の振動が5以上ならスキル威力+1<br>使用時：振動2を得る<br>6d2<br>6d2+1：的中時、振動2を付与	なし	なし	なし	なし	ギャンブラー	打撃：怠惰<br>このスキルが捨てられたなら、振動4を得る<br>使用時：ランダムなスキルを1つ捨てる<br>4d4+2：的中時、振動3を付与。自分の振動が5以上なら対象に[振動爆発]。振動を2消費	なし	なし	なし	なし	思い切った判断	打撃：暴食<br>このスキルが捨てられたなら、振動4を得る<br>使用時：ランダムなスキルを2つ捨てる<br>3d3+3：的中時、自分の振動を最大10まで対象に譲渡<br>3d3+4：的中時、[振動爆発]。振動を4消費	なし	なし	なし	なし	奥歯軋り	打撃：憤怒<br>使用時：ランダムなスキルを1つ捨てる。自分の振動を10消費してスキルd数+2<br>5d2：的中時、振動4を付与。スキル使用時に振動を消費したなら[振動爆発]<br>5d2<br>6d2：的中時、脆弱1を付与。スキル使用時に振動を消費したなら[振動爆発]	なし	なし	なし	なし	なし	なし	なし	なし	なし
52	奥歯事務所フィクサーBの人格	奥歯事務所	120	55	1d7	抵抗	弱点	普通	なし	最善の選択	怠惰x3 保有	なし	スキルを1つ捨てる度、SANを3回復<br>スキルを全て捨てたなら次のRにパワー1を得る	なし	なし	なし	なし	反撃	貫通反撃：怠惰<br>使用時：ランダムなスキルを1つ捨てる<br>2d5：的中時、[振動爆発]。振動を2消費<br>2d5<br>2d4：的中時、次のRにパワー1を得る	なし	なし	なし	なし	落ち着いて	打撃：嫉妬<br>このスキルが捨てられたなら、振動4を得る<br>自分の振動が10以上ならスキルd数+2<br>使用時：ランダムなスキルを1つ捨てる<br>2d2<br>2d2：的中時、振動2を付与<br>2d2+2：的中時、振動2を付与	なし	なし	なし	なし	引き裂く	打撃：憤怒<br>このスキルが捨てられたなら、振動4を得る<br>使用時：ランダムなスキルを1つ捨てる<br>4d3：的中時、振動2を付与<br>4d3<br>2d5+2：的中時、[振動爆発]。振動を3消費	なし	なし	なし	なし	猛襲	貫通：憂鬱<br>このスキルが捨てられたなら、振動4を得る<br>使用時：自分の振動が10以上ならスキル威力+2<br>3d2：的中時、振動2を付与<br>3d2<br>4d2：的中時、対象の振動/4だけランダムなスキルを捨てる（最大3回）<br>4d2：的中時、このスキルで捨てたスキルの数だけこのダイスを再使用	なし	なし	なし	なし	思い切った判断	打撃：怠惰<br>使用時：1～4のスキルを全て捨てる。振動を全て消費<br>4d3：的中時、[振動爆発]。振動を4消費。使用時に振動を消費したなら[振動爆発]<br>4d3：的中時、[振動爆発]。振動を4消費。使用時に振動を消費したなら[振動爆発]<br>2d8：使用時に消費した振動10ごとにスキルd値+1（最大3）。的中時、[振動爆発]。振動を2消費	なし	なし	なし	なし	なし	なし	なし	なし	なし
53	夜明事務所フィクサーAの人格	夜明事務所	150	50	1d6+1	抵抗	弱点	普通	なし	フォイヤファルター[スティグマ工房]	憤怒x3 保有	舞台開始時、[炎蝶の棺]を0の状態で開始<br>火傷による被ダメージ量-50％	R開始時、自分の戦闘感覚だけ[炎蝶の棺]を得る<br>自分以外の夜明事務所所属の味方がスキル4で攻撃後、「依頼処理」を使用（1Rに1回）	なし	なし	なし	なし	烙印	マッチ可能斬撃反撃：憤怒<br>自分の火傷5ごとにスキル威力+1（最大2）<br>戦闘開始時：[炎蝶の棺]6を得る<br>使用前：[炎蝶の棺]が30以上なら「正午の解体」として発動。[加熱された棺]があればこの効果は発動しない<br>使用時：自分の火傷を5減少<br>マッチ勝利時：自分の火傷を3減少<br>2d8：的中時、火傷1を付与<br>2d8：的中時、振動1を付与	正午の解体	マッチ可能斬撃反撃：憤怒<br>広域：対象3体<br>[広域乱射]<br>自分の減少HP10％ごとにダメージ量+1（最大4）<br>このスキルが的中する度に火傷1または振動1を付与。対象が振動灼熱でないなら振動-灼熱へ[振幅変換]<br>メインターゲットの火傷と振動の合計4ごとにスキル威力+1（最大4）<br>使用時：マッチ威力+3。全ターゲットに火傷3と振動3を付与<br>攻撃後：火傷を最大30まで消費して、HPを（消費した火傷+5）だけ回復し[炎蝶の棺]を全て消費。次のRに[戦闘感覚]3を得る<br>2d7：破壊不能ダイス<br>2d7：破壊不能ダイス<br>2d8：破壊不能ダイス。的中時、[振動爆発]。振動を2消費。このダイスを2回まで再使用	なし	なし	黎明の閃光	斬撃：傲慢<br>対象の火傷と振動の合計6ごとにスキル威力+1（最大2）<br>使用時：[炎蝶の棺]4を得る。[炎蝶の棺]10ごとにマッチ威力+1（最大2）<br>3d3+2：的中時、火傷2を付与<br>3d3+2：的中時、振動1を付与。自分の[炎蝶の棺]が20以上ならこのダイスを1度だけ再使用	なし	なし	なし	なし	依頼処理	斬撃：暴食<br>対象の火傷と振動の合計4ごとにスキル威力+1（最大2）<br>使用時：炎蝶の棺10ごとにスキル威力+1（最大3）<br>4d2：的中時、振動1を付与<br>4d2：的中時、火傷1を付与	なし	なし	なし	なし	蝶斬り	斬撃：怠惰<br>対象の火傷と振動の合計6ごとにスキル威力+1（最大2）<br>使用時：[炎蝶の棺]6を得る。[炎蝶の棺]10ごとにマッチ威力+1（最大2）<br>6d2：的中時、[炎蝶の棺]10ごとに火傷1と振動1を付与<br>6d2：的中時、振動1を付与。自分の[炎蝶の棺]10ごとにこのダイスを再使用（最大2）。再使用的中時、火傷1を付与。2回目の再使用的中時、[振動爆発]。振動を1消費	なし	なし	なし	なし	射出	斬撃：憤怒<br>対象の火傷と振動の合計6ごとにスキル威力+1（最大2）<br>使用前：[炎蝶の棺]が30なら、「射出-正午」として発動。[加熱された棺]があればこの効果は発動しない<br>使用時：[炎蝶の棺]8を得る。[炎蝶の棺]10ごとにマッチ威力+1（最大2）対象に火傷1と振動1を付与<br>2d7：的中時、振動3を付与<br>2d7：的中時、対象の振動を振動-灼熱へ[振幅変換]<br>2d8：的中時、[振動爆発]。振動を2消費。[自分の炎蝶の棺]10ごとにこのダイスを再使用（最大2）。再使用的中時、火傷1を付与	射出-正午	斬撃：憤怒<br>広域：対象3体<br>[広域乱射]<br>このスキルが的中する度に火傷1または振動1を付与。対象が振動灼熱でないなら振動-灼熱へ[振幅変換]<br>メインターゲットの火傷と振動の合計4ごとにスキル威力+1（最大4）<br>使用時：マッチ威力+3。全ターゲットに火傷3と振動3を付与<br>攻撃後：的中した全ての対象に、次のRに虚弱1を付与。[戦闘感覚]1と[加熱された棺]1を得る<br>2d7：破壊不能ダイス<br>2d7：破壊不能ダイス<br>2d8：破壊不能ダイス。的中時、[振動爆発]。振動を2消費。このダイスを2回まで再使用。[戦闘感覚]があれば対象の火傷を1回発動。対象の火傷を4減少	なし	なし	なし	なし	なし	なし	[炎蝶の棺] 最大30 中立バフ<br>1Rごとに最大20まで得られる<br>基本スキル的中時に数値が2増加<br>R終了時、数値が20を超過しているなら超過した数値の半分だけ火傷を得る<br>数値が30なら代わりに火傷8を得る<br><br>[戦闘感覚] 最大3 バフ<br>速度値+2<br>敵への基本スキルで付与する火傷付与量+1<br>スキル4-1のダメージ量が数値だけ増加<br>スキル4-2、スキル0-2のダメージ量が数値+1だけ増加<br><br>[加熱された棺] 最大1 デバフ<br>R終了時、次のRに火傷5を得て消滅
54	夜明事務所フィクサーBの人格	夜明事務所	145	55	1d6+1	抵抗	弱点	普通	なし	激情	憤怒x5 保有	SANが50％の状態で舞台開始<br>自分のSANが100％になったなら、SANを50％まで減少し[不安定E.G.O::蜜蝋の翼]1を得る<br>混乱状態になったなら[不安定E.G.O::蜜蝋の翼]を全て失う	マッチ勝利時、SANを15回復<br>基本スキルで付与する火傷付与量+1<br>[不安定E.G.O::蜜蝋の翼]状態の時、自分の現在SAN25％ごとにスキル威力+1	不安定な自我の殻	夜明事務所所属の味方3名以上	なし	自分以外の夜明事務所フィクサーAが居るなら[正午]1を得る<br>夜明事務所代表がいるなら[夜明けから夕焼けへ]1を得る 	後悔	防御：色欲<br>自分が不安定E.G.O::蜜蝋の翼状態なら対象の火傷2ごとにスキル威力+2(最大20)<br>5d2<br>5d2	なし	なし	なし	なし	猛烈な突進	斬撃：憂鬱<br>7d2：的中時、火傷2を付与。過半数的中時、自分が不安定E.G.O::蜜蝋の翼状態ならこのダイスを1度だけ再使用	なし	なし	なし	なし	物憂い夕焼け	斬撃：憤怒<br>使用時：自分が[不安定E.G.O::蜜蝋の翼]状態ならバリア20を得る<br>4d4：的中時、火傷2を付与<br>4d4：的中時、対象の火傷を1回発動。対象の火傷を5減少	なし	なし	なし	なし	茜さす剣	斬撃：嫉妬<br>対象の火傷が4以上ならマッチ威力+1<br>使用時：自分が不安定E.G.O::蜜蝋の翼状態ならSANを5減少<br>攻撃前：自分が不安定E.G.O::蜜蝋の翼状態なら広域指定人数+1。SANが100％なら追加で+1<br>攻撃後：自分が不安定E.G.O::蜜蝋の翼状態ならSANを5減少<br>2d7：的中時、火傷1を付与<br>2d7：的中時、火傷1を付与<br>2d7：的中時、火傷1を付与	なし	なし	なし	なし	烙印	貫通：憤怒<br>対象の火傷が10以上ならスキル威力+1<br>使用前：自分が[不安定E.G.O::蜜蝋の翼]状態なら燃えたぎる一撃として発動<br>マッチ勝利時：SANを10回復<br>マッチ敗北時：SANを10減少<br>7d2：的中時、火傷3を付与<br>7d2：的中時、火傷3を付与	燃えたぎる一撃	斬撃：憤怒<br>対象の火傷4ごとにスキル威力+1（最大6）<br>使用時：憤怒共鳴1ごとにダメージ量+1（最大6）<br>マッチ勝利時：SANを10回復<br>マッチ敗北時：SANを30減少<br>攻撃後：SANを15減少<br>1d14+6：対象の火傷4ごとにダメージ量+1（最大10）。的中時、火傷10を付与。敵討伐時、対象の火傷を全ての敵に均等に付与	なし	なし	なし	なし	なし	なし	[不安定E.G.O::蜜蝋の翼] 最大10 中立バフ<br>攻撃的中時、火傷1付与<br>メインターゲットに火傷があればスキル威力+1<br>守備スキルで共鳴時、被ダメージ量が2減少し攻撃者に火傷1を付与<br>R終了時、数値x5だけSANが減少し数値が1増加<br><br>[夜明けから夕焼けへ] 最大1 バフ<br>R開始時、SANを5回復<br>基本攻撃スキルの効果、[不安定E.G.O::蜜蝋の翼]によってSANが25％以下にならない<br>[不安定E.G.O::蜜蝋の翼]の時、バリア20を得る<br><br>[正午] 最大1 バフ<br>速度値+2<br>基本攻撃スキル的中時、振動1を付与<br>茜さす剣の最後のダイス的中時、対象の火傷が15以上なら[振動爆発]<br>燃えたぎる一撃に下記の効果を追加<br>・ダメージ量+5<br>・攻撃的中時、[振動爆発]