名称	種別	資源	保有・共鳴	価格	効果
ルサンチマン	通常	嫉妬x2	共鳴	7	自分より対象のHPの方が高いなら、自分が与えるダメージ量+3
ニヒリズム	通常	憤怒x2	共鳴	7	自分より対象のHPの方が低いなら、自分が与えるダメージ量+3
因子コードG-5	通常	暴食x3	保有	7	戦闘開始時、自分の減少HP/5だけHPを回復
爆電	通常	憤怒x3	保有	7	自分の充電の数5ごとに、自分が与えるダメージ量+1（最大3）
切り裂く	通常	怠惰x3	共鳴	7	対象に出血があるなら、自分が与えるダメージ量+3、スキル威力+1
イデオロギー	通常	憤怒x2 暴食x2 憂鬱x2	保有	7	自分が使うスキルの大罪の共鳴数が4以上ならダメージ量+2
とどめを刺してやる	通常	傲慢x5	保有	8	対象のHPが最大値の20%以下なら、最後に使用したダイスを再使用する（最大1回）
弱点看破	通常	色欲x2	保有	8	攻撃時、対象が混乱状態ならダメージ量+3
戦闘準備	通常	傲慢x3	共鳴	9	戦闘開始時、パワー1と忍耐1を得る
裁断	通常	憤怒x2	共鳴	9	対象に麻痺があるなら、攻撃的中時、次のRに出血1を付与する
処断	通常	嫉妬x2	共鳴	9	対象に麻痺があるなら、攻撃的中時、次の Rに出血1を付与する
火の粉	通常	憤怒x2	共鳴	9	対象に火傷があるなら、自分が与えるダメージ量+1d3
不安を煽る	通常	憂鬱x3	共鳴	9	対象に沈潜があるなら、攻撃的中時、対象のSANを2減少
刻む	通常	嫉妬x3	保有	9	破裂爆発時、次のRに脆弱2を付与
圧縮	通常	怠惰x3	保有	9	振動爆発時、次のRに脆弱2を付与
息を弾ませる	通常	傲慢x3	保有	9	戦闘開始時、自分に呼吸がなければ呼吸3を得る
身体をほぐす	通常	なし	なし	9	現在のSANが最大値の50％以下なら、打撃攻撃的中時、SANを1回復
鈎	通常	なし	なし	9	敵討伐時、次のRにパワー1を得る
寛容	通常	なし	なし	10	自分が死亡した時、憤怒資源5を得る
純潔	通常	なし	なし	10	自分が死亡した時、色欲資源5を得る
勤勉	通常	なし	なし	10	自分が死亡した時、怠惰資源5を得る
節制	通常	なし	なし	10	自分が死亡した時、暴食資源5を得る
爽快	通常	なし	なし	10	自分が死亡した時、憂鬱資源5を得る
忠義	通常	なし	なし	10	自分が死亡した時、傲慢資源5を得る
慈愛	通常	なし	なし	10	自分が死亡した時、嫉妬資源5を得る
こんなときこそ！	通常	憤怒x5	保有	10	戦術選択ダイスロール時、全ての出目が同じならもう一度振りなおす
慢性疲労	通常	憂鬱x5	保有	10	混乱復帰時、HPを15回復
最前線へ！！	通常	憤怒x5	保有	10	このRで最初にマッチをしたなら、保護3を得る
賭博師	通常	憤怒x2	共鳴	10	最大値的中時、ダメージ量増加1を得る（戦闘中永続、最大3）
伝火	通常	嫉妬x2	共鳴	10	火傷キーワードを持つスキルで敵討伐時、ランダムな敵2名に火傷4を付与
闘争	通常	嫉妬x2	共鳴	10	反撃スキル威力+2
乱射	通常	なし	なし	10	1R目の間、銃撃スキル威力+2
美学	通常	色欲x2	共鳴	10	出血状態の敵に攻撃的中時、SANを2回復
発火	通常	怠惰x3	保有	10	3ダイス目以降の攻撃ダイス的中時、「火傷1を付与」の効果を追加
マニュアル通り	通常	暴食x2	保有	12	自分の速度が自分以外の全てのキャラクターより高いなら、スキル威力+1
因子コードG-7	通常	嫉妬x3	保有	12	マッチ勝利時、HPを5回復
錆びた鎖	通常	怠惰x2	共鳴	12	戦闘開始時、出血3を得てスキル威力+2
墓守	通常	暴食x2	保有	12	味方死亡時、自分以外の全味方のSANを15回復
深呼吸	通常	傲慢x2	共鳴	15	クリティカル判定を呼吸の数x10％に変更
屈折	通常	憂鬱x4	保有	15	常時：充電を10消費するごとに電圧1を得る（重複不可）<br>自分に電圧があるなら戦術1のスキル威力+1
執念	通常	憂鬱x2	共鳴	15	自分のSANが自分以外の全てのキャラクターより低いならダメージ量+3
ジョギング	通常	暴食x3	保有	15	戦闘開始時、速度が6以上ならクイック1を得る
潜伏	通常	憂鬱x3	保有	15	ディレイ後、自分が最後に行動するならHPダメージ量+3
蒸気	通常	暴食x2	共鳴	15	最初の攻撃ダイスのダメージ量+2。単ダイスならさらに+2
離脱指示受信	通常	なし	なし	15	戦線離脱から復帰時、パワー2と忍耐2を得る
思い切った判断	通常	怠惰x3	共鳴	15	スキルを捨てた時、次のRにダメージ量増加2と脆弱3を得る
ギャンブラー	通常	嫉妬x5	保有	15	スキルを捨てた時、次のRにランダムな大罪ダメージ量増加2を得る
制圧	通常	なし	なし	15	前のRに守備スキルを使用したなら、攻撃スキル威力+1
手品	通常	なし	なし	18	スキルを複数捨てる時、スキル威力+1
倍返しの準備	通常	なし	なし	18	混乱状態が解除される時、SANを15減少しパワー2を得る
過負荷HPアンプル	通常	暴食x2	共鳴	18	戦闘開始時、ダメージ量増加2を得てHPを8回復し、このRの間の被ダメージ量+3
満開	通常	怠惰x3	保有	18	広域スキルのダメージ量+3
蒼い炎	通常	憂鬱x4	保有	20	現在のHPが最大値の50%以下なら、攻撃的中時固定HPダメージ3を与える
輝ける灯り	通常	憤怒x3	保有	20	R開始時、火傷5を得てスキルの最初のダイスのダイス威力+1
逆境	通常	憤怒x5	保有	20	敵の数より味方の数が少ないならスキル威力+1
充電力場	通常	憂鬱x3	保有	20	充電消費時、次のRに保護2を得る（1Rに1回）
充電高調	通常	嫉妬x2	共鳴	20	充電消費時、ダメージ量増加2を得る（1Rに1回）
認識阻害の霧	通常	色欲x3	共鳴	20	自分の速度が1~2かつ、自分以外に味方が1名以上生存しているなら、敵から狙われない
切り崩し	通常	憤怒x2	共鳴	20	対象のHPが最大値の50％以上なら、自分が与えるダメージ量+3
炎装甲	通常	憤怒x5	保有	20	戦闘開始時、自分に火傷があるなら保護2を得る
圧迫止血	通常	色欲x5	保有	20	戦闘開始時、自分に出血があるなら保護2を得る
安息	通常	傲慢x5	保有	20	戦闘開始時、自分に沈潜があるなら保護2を得る
囲い	通常	憂鬱x3	共鳴	20	戦闘開始時、両隣の味方に保護1を付与
くどい！	通常	嫉妬x3	共鳴	20	マッチ進行時、マッチ回数3回目から、マッチ威力+1
肩慣らし	通常	なし	なし	20	舞台開始時にダメージ量減少2を得る。2R目からマッチ威力+1
生存戦略	通常	憤怒x5	保有	20	HPが50％以下なら保護2を得る
先導指揮	通常	色欲x3	共鳴	20	後方の味方1名にダメージ量増加1~3付与
人生一発	通常	怠惰x6	保有	20	充電を消費するスキルの最後のダイス的中時、「次のRに麻痺2を付与」の効果を追加
狂乱	通常	なし	なし	20	3ダイス以上のスキルのダメージ量+0~2
蟹バリズム	通常	暴食x3	保有	20	味方死亡時、HPを20回復
カタルシス	通常	色欲x3	保有	20	R終了時、同じ所属の味方の数だけSANを回復
傲気	通常	嫉妬x3	共鳴	25	自分以外の味方が敵討伐時、自分が次のRにパワー1を得る（最大2）
臨戦	通常	なし	なし	25	舞台開始時から1Rの間だけ、戦術選択ダイスロールが2b4から3b4になる
エゴイスト	通常	憂鬱x4	保有	25	E.G.Oを使用する際に消費するSANが、E.G.Oの危険度ランクごとに1/2/4/5/7減少
嚥下	通常	傲慢x3	保有	25	攻撃後、この攻撃でHPまたはSANを回復したならHPとSANを5回復
荘厳	通常	憂鬱x3	共鳴	25	対象が混乱状態かつ沈潜状態なら、自分の攻撃スキルで与えるダメージの耐性を脆弱として扱う。<br>SANがない対象の場合は効果が変わり、対象の沈潜/2だけ固定HPダメージを与える（最大20）
あなたの盾	通常	傲慢x4 	保有	30	常時：HP最大値+10<br>戦闘開始時、忍耐1と挑発値5を得る
因子コードG-10-異形発作	通常	なし	なし	30	現在のHPが最大値の25%以下ならHPを15回復し（戦闘中1 回）、この戦闘中永続的にパワー1と保護2を得る
腹式呼吸	通常	なし	なし	30	クリティカルダメージ量+2
呼吸熱	通常	傲慢x3	保有	30	呼吸獲得量+1
セルフネグレクト	通常	憤怒x2	共鳴	30	自分が与えるダメージが3増加し、受けるダメージが2増加
即席料理	通常	憤怒x3	保有	30	敵討伐時、自分のHPを35回復する
高貴な決闘	通常	傲慢x3	共鳴	30	マッチする対象と自分の速度の差が1以内なら、スキル威力が1増加し次のRにクイック1を得る
考えの歯車	通常	なし	なし	30	回避スキル威力+1
刹那	通常	嫉妬x5	保有	30	スキルの最後のダイスに「的中時、固定HPダメージ5を与える」の効果を付与
落雷	通常	なし	なし	30	スキル使用時に充電を10以上消費するなら、麻痺1を得てスキル威力+3
自戒	通常	憤怒x2	共鳴	30	攻撃スキル威力-1。次のRに忍耐 1 / 保護1 / クイック1を得る
手掛かり繋ぎ	通常	暴食x4	保有	30	対象の弱点耐性で攻撃した時、破裂付与数+1
傘で払う	通常	嫉妬x5	保有	30	マッチ敗北時、自分のSANを5減少。自分のSAN が50％以下なら減算ダイスのスキル威力+1
プラス電力発電装置	通常	怠惰x3	保有	35	充電を得る時充電獲得量を1.5倍にし、充電を消費する時スキル威力+1
爆熱	通常	憤怒x2	共鳴	35	火傷状態の敵に攻撃的中時、固定ダメージ2を与える。<br>火傷キーワードを持つスキルのマッチ威力+1
完璧な戦術	通常	傲慢x5	保有	35	R終了時、このRで1度も攻撃を受けていなければ、攻撃を受けなかったR数だけ次のRにダメージ量増加を得る（最大3）
丁か半か	通常	憂鬱x2	保有	35	最初に使うダイスが過半数的中なら次のRにダメージ量増加3を得る<br>未半数的中の場合、代わりにダメージ量減少3を得る
燃え盛る勇気	通常	憤怒x3	共鳴	35	火傷が10以上の敵を攻撃した時、固定ダメージ8を与える（1Rに1回）
釘と金槌	通常	憤怒x2 色欲x2	保有	35	狂信の獲得量とN 社の釘の付与量+1
多重圧	通常	怠惰x2	共鳴	35	自分の振動が8以上ならマッチ威力+1
ぐらつく波動	通常	怠惰x4	保有	35	自分の振動を消費するスキルでマッチ勝利時、振動爆発時の振動消費量-2
シバグリ	通常	暴食x2	共鳴	35	破裂爆発時、ランダムな敵2名に破裂2を付与
残る傷跡	通常	暴食x4	共鳴	35	破裂爆発時で破裂を消費した時、破裂が3以下にならない
壊す外力	通常	暴食x5	保有	35	破裂爆発時、対象にバリアがあるなら破裂爆発ダメージ量2倍
咲き出る血	通常	傲慢x3	保有	35	クリティカル的中時、次のRに出血1を付与
シガレットケース	通常	色欲x3	共鳴	35	戦闘開始時、煙2と脆弱1を得る
解体補助電流	通常	なし	なし	35	電圧が3以上ならマッチ威力+1
機動訓練	通常	怠惰x4	保有	35	速度が6以上ならマッチ威力+1
打ち返し	通常	傲慢x3	保有	35	守備成功時、またはマッチ可能防御でマッチ勝利時に、SAN5回復 
テンポ	通常	色欲x5	保有	35	前のRでスキル1を使用し、このRでスキル2を使用 するならスキル威力+1。前のRでスキル2を使用しこのRでスキル1を使用するならスキル威力+1
剃刀	通常	色欲x2	共鳴	35	出血状態の敵に攻撃的中時、固定ダメージ2を与える。<br>出血キーワードを持つスキルのマッチ威力+1
地震	通常	怠惰x2	共鳴	35	振動状態の敵に攻撃的中時、固定ダメージ2を与える。<br>振動キーワードを持つスキルのマッチ威力+1
破撃	通常	暴食x2	共鳴	35	破裂状態の敵に攻撃的中時、固定ダメージ2を与える。<br>破裂キーワードを持つスキルのマッチ威力+1
堕落	通常	憂鬱x2	共鳴	35	沈潜状態の敵に攻撃的中時、固定ダメージ2を与える。<br>沈潜キーワードを持つスキルのマッチ威力+1
疾患	通常	傲慢x2	共鳴	35	恐慌状態の敵に攻撃的中時、固定ダメージ2を与える。<br>恐慌キーワードを持つスキルのマッチ威力+1
貧弱	通常	嫉妬x2	共鳴	35	脆弱状態の敵に攻撃的中時、固定ダメージ2を与える。<br>脆弱キーワードを持つスキルのマッチ威力+1
不屈	通常	嫉妬x4	保有	40	HPが0になるダメージを受けた時、そのダメージを無効化し、このRの間受けるダメージが0になる（戦闘中1回）
食いしばる	通常	暴食x4	保有	40	SANが0になる時、1で耐える（1Rに1回）
湧き上がる憤怒	通常	憤怒x3	共鳴	40	常時：憤怒資源獲得量+1<br>戦闘開始時、パワー1を得る<br>使用するスキルが憤怒属性なら、敵討伐時SANを15回復し火傷を現在R数x2だけ得る
傷だらけの色欲	通常	色欲x3	共鳴	40	常時：色欲資源獲得量+1<br>マッチ進行時、互いの出血ダメージ量+3<br>使用するスキルが色欲属性ならさらに互いの出血ダメージ量+2
空回りの怠惰	通常	怠惰x3	共鳴	40	常時：怠惰資源獲得量+1<br>戦闘開始時、保護1と挑発値2を得る<br>使用するスキルが怠惰属性ならさらに保護2 / 挑発値3 / 振動3を得る
続く暴食	通常	暴食x3	共鳴	40	常時：暴食資源獲得量+1<br>戦闘開始時、HP 回復量増加2を得る<br>使用するスキルが暴食属性ならこのRで回復したHP10ごとに次のRにダメージ量増加1と破裂2を得る（最大3）
広がる憂鬱	通常	憂鬱x3	共鳴	40	常時：憂鬱資源獲得量+1<br>マッチ敗北時、対象のSANを5減少<br>使用するスキルが憂鬱属性ならさらにSANを4減少させ次のRに恐慌2を得る
吐き出す傲慢	通常	傲慢x3	共鳴	40	常時：傲慢資源獲得量+1<br>呼吸が20以上でクリティカル成功時、クリティカルダメージ量+（6÷スキルのダイス数）。<br>この時にスキルが傲慢属性であれば、呼吸消費量が1増加しクリティカルダメージ量+2
永遠の嫉妬	通常	嫉妬x3	共鳴	40	常時：嫉妬資源獲得量+1<br>自分が与えるダメージと受けるダメージが2増加<br>使用するスキルが嫉妬属性ならさらに嫉妬威力増加1を得て受けるダメージが2増加
トラバサミ	通常	なし	なし	40	舞台開始時、全ての敵に破裂3付与（重複不可）
震度計	通常	なし	なし	40	舞台開始時、全ての敵に振動3付与（重複不可）
観察	通常	怠惰x2	共鳴	40	攻撃的中時、対象が既に行動していた場合、ダメージ量+3
血液硬化	通常	色欲x2	共鳴	40	攻撃後、対象の出血が5以上なら次のRにダメージ量増加1を得る<br>血鬼人格なら追加で+1
血の乾き	通常	色欲x3	保有	40	R終了時、ダメージを与えられたならSANを8回復<br>与えられなかったなら次のRに脆弱2とダメージ量増加2を得る<br>血鬼人格の場合、「R終了時、ダメージを与えられたならHPを10回復<br>与えられなかったなら次のRに脆弱3とダメージ量増加3を得る」に変更
緊急止血	通常	なし	なし	40	R開始時、出血を半減（最低1）
エゴイズム	通常	憤怒x1 色欲x1 怠惰x1 暴食x1 憂鬱x1 傲慢x1 嫉妬x1	保有	40	全ての大罪資源獲得量+1
アンブッシュ	通常	暴食x2	共鳴	40	マッチ威力+1
アンチテーゼ	通常	嫉妬x2	共鳴	40	マッチ敗北時に受けるダメージ量-2
追火	通常	憤怒x2	共鳴	40	マッチ勝利時、対象の火傷1回発動
沈水	通常	憂鬱x2	共鳴	40	マッチ勝利時、対象の沈潜1回発動
黒雲剣法	通常	憤怒x3 色欲x3	保有	100	黒雲会所属人格のみ発動<br>マッチ敗北時、保護1を得てSAN1~6回復<br>破壊不能ダイスのダイス威力+2
肉斬骨断	通常	傲慢x3 嫉妬x3	保有	100	剣契所属人格のみ発動<br>クリティカル成功時の呼吸減少量が半減する<br>R終了時、呼吸が30以上なら呼吸を10消費して次のRに斬撃威力増加2を得る
冷静	通常	傲慢x4	共鳴	100	剣契所属人格のみ発動。クリティカル発動率+100%
一撃	通常	憤怒x6	保有	100	単ダイススキルのスキル威力+2
剣舞	通常	暴食x6	保有	100	スキルの最後のダイス威力+1
激情	通常	憤怒x4	保有	100	感情レベル/2だけスキル威力増加
血に濡れた手	通常	嫉妬x2	共鳴	100	クリティカルダメージ量+3<br>50％の確率でクリティカル時の呼吸消費量が0になる
情報分析	通常	暴食x3 傲慢x3	保有	100	セブン協会所属人格のみ発動<br>デバフ付与量+1<br>弱点属性を攻撃する際に与えるダメージ量+3
活火激発	通常	憤怒x3 色欲x3	保有	100	ジャーマ工房所属人格のみ発動<br>激熱獲得量+1<br>火傷状態の敵とマッチする際にマッチ威力+2
危機一髪	通常	憂鬱x5	保有	100	R終了時、自分のHPが最大値の10％以下なら HPを150回復し（戦闘中1回）次のRからパワ ー1を得る（戦闘中永続）
沈着	通常	傲慢x4	保有	100	戦闘開始時、麻痺1を得る
もくもく	通常	なし	なし	100	煙の効果を「煙2ごとにダメージ量+1、煙が9以上ならスキル威力+1。R終了時、1減少（最大10）」に変更 
ものすごいハゲ	通常	なし	なし	100	PCがハゲなら、スキル威力+1、受けるSANダメージ量-1 
アレ	通常	傲慢x3 暴食x3	保有	100	センク協会所属のみ発動<br>R開始時にクイック1を得て、速度が8以上ならマッチ威力+1 
激風	通常	憤怒x2	共鳴	100	シ協会所属人格のみ発動<br>固定ダメージ効果で与えるダメージが2増加
守護者	通常	憂鬱x3	共鳴	100	ツヴァイ協会所属人格のみ発動<br>マッチ敗北時にあなたの盾x4だけバリアを得る 
臨戦無退	通常	なし	なし	100	リウ協会所属人格のみ発動<br>感情レベルが上がる時、パワー1と忍耐1を得る 
安如泰山	通常	なし	なし	100	リウ協会所属人格のみ発動<br>感情レベルが上がる時、HPを15回復 
安不忘危	通常	なし	なし	100	リウ協会所属人格のみ発動<br>感情レベルが上がる時、SANを15回復 
迅速配達員	通常	暴食x3	保有	100	ヂェーヴィチ協会所属人格のみ発動<br>自分のデリバリーキャリア5ごとに破裂付与量+1（最大3） 
知識探求	通常	怠惰x3	保有	100	ディエーチ協会所属人格のみ発動<br>スキルを捨てた時、その捨てたスキルのランクだけ怠惰ダメージ量増加を得て、知識鍛錬を2得る（1Rに1回）
契約執行妨害	通常	嫉妬x5	保有	100	ウーフィ協会所属人格のみ発動<br>振動爆発時の振動消費量-2<br>振幅変換されている敵とマッチする時マッチ威力+1 
因子コードG-0	通常	暴食x5	保有	100	旧G社所属人格のみ発動<br>攻撃後、与えたダメージ/2だけHPを回復（最大15）
緊急アンプル投薬	通常	暴食x5	保有	100	K社所属人格のみ発動<br>HPが25％未満なら、HPを100回復（戦闘中1回） 
RRRスーツ	通常	憤怒x5	保有	100	第四群所属人格のみ発動<br>トナカイ / サイ / ウサギチームの人格で、充電が11以上の時、SANダメージ量2増加 / 保護2 / クイック1を得る
時間徴収	通常	怠惰x3	共鳴	100	T社所属人格のみ発動<br>自分のパッシブに「ゴールデンタイム」があれば、時間貸与状態の時に付与する振動と獲得する振動+1
Warp 次元式サーボモーター	通常	憂鬱x3 嫉妬x3	保有	100	W社所属人格のみ発動。<br>充電獲得量が1増加し、充電を消費するスキルの最後のダイスに「的中時、次元の亀裂2を付与」を追加 
神風特攻	通常	憤怒x3	共鳴	100	メリアニア工房所属人格のみ発動<br>刺突爆雷を消費してダメージを与えるとき、脆弱2を付与
斑強化刺青	通常	嫉妬x3	共鳴	100	群れたハイエナ所属人格のみ発動<br>R開始時、混乱保護を自分と同じ所属の味方の数/2だけ得る（最大5） <br>スキル使用時、対象が内臓崩壊状態なら、自分と同じ所属の味方の数-2だけ、最後のダイスの威力増加（最大5） 
爆発的発電	通常	怠惰x3	共鳴	100	ニトロ研究所所属人格のみ発動<br>充電を消費する時、追加で3消費し、次のRに充電8を得る 
白く染まれ	通常	憤怒x2 憂鬱x2 暴食x2	保有	100	白蓮清掃員所属人格のみ発動<br>破裂爆発時、与えた破裂ダメージ/3だけSANを回復
銛穿ち	通常	傲慢x3	共鳴	100	ピークォド号所属人格のみ発動<br>ピークォド号船長が居る時、SANを10回復<br>対象が湖の存在ならダメージ量+3<br>自分の呼吸を呼吸-銛捌きへ[深吸変換] 
一発一発が名勝負	通常	憤怒x3	保有	100	マッチロック工房所属人格のみ発動<br>自分の弾丸を弾丸-火縄に[弾倉変換]<br> サポートパッシブ「一撃」の効果を「E.G.O以外の単ダイススキルのd値が1増加し、ダメージ量+3」に変更 
E.G.O同化	通常	憤怒x3 嫉妬x3 傲慢x3	保有	100	ロボトミーコーポレーション所属人格のみ発動<br>自分に付与するデバフ量+1<br>スキル4のダメージ量+3、スキル4で減少するSANが半減する 
即決審判	通常	嫉妬x5 暴食x5	保有	100	南部親指所属人格のみ発動<br>スキル1を捨てた時、銃撃ダイスで与えるダメージ量+2<br>「徹甲弾」「氷結弾」「火炎弾」の効果を強化<br>「徹甲弾-銃撃ダイスでマッチする時、対象のマッチ威力-2-」 <br>「氷結弾-銃撃ダイスで攻撃的中時、次のRに武装解除2を付与。マッチ勝利時に次のRに麻痺1を付与-」 <br>「火炎弾-銃撃ダイスで攻撃的中時、火傷2を付与。マッチ勝利時に火傷3を付与-」
指令通達	通常	怠惰x2 嫉妬x2 憂鬱x2	保有	100	人差し指所属人格のみ発動<br>戦術選択ダイスロールの結果、指令の印スキルが含まれないなら、戦術選択ダイスロールをやり直す（1R に1 回）
お返し	通常	嫉妬x5 憤怒x5	保有	100	中指所属人格のみ発動<br>マッチ敗北時、ダイス数が2以下のスキルなら、ダイス効果を無効にして破壊不能ダイスになる 
適血の彩色	通常	色欲x3 憂鬱x2	保有	100	点描派人格のみ発動<br>対象が持つデバフの種類2ごとにダメージ量+1（最大5）<br>出血が10以上の敵にマッチ勝利時、内臓崩壊1を付与 
コインの両面	通常	色欲x3	共鳴	100	双鉤海賊団所属人格のみ発動<br>クリティカル的中時、次のRにパワー1を得る（最大1）<br>双鉤海賊団船長 / 副船長人格なら追加で、クリティカル成功時に全味方のSANを10回復 
遊興	通常	憂鬱x3	共鳴	100	マリアッチ所属人格のみ発動<br>回避成功時、呼吸2を得る<br> クリティカル的中時、対象の沈潜を沈潜-激情へと [沈思変換]し、自分の呼吸を呼吸-パーティーへと [深吸変換]
秘蔵の武器	通常	憂鬱x3	保有 	100	20区ユロージヴィ所属人格のみ発動<br>自分の振動を振動-分配へと[振幅変換]<br>振動絡縺時、このRに脆弱2を付与 
怨念蓄積	通常	嫉妬x5	保有 	100	メメメメメ工房所属人格のみ発動<br>被ダメージ時に破裂2を得る<br>自分が破裂爆発でダメージを受ける時、攻撃者に破裂ダメージ量だけ沈潜と破裂を付与 
アイアン・メイデン	通常	憤怒x5	保有 	100	針金工房所属人格のみ発動<br>R開始時、出血保護5を得る<br>マッチ進行時、互いの出血ダメージが3増加する
ド根性	通常	憤怒x5	保有	100	鉄腕兄弟所属人格のみ発動<br>大罪保護を得る時、追加で2得る<br>反撃時に与えるダメージが大罪保護の数-1だけ増加（最大3） 
紅色に輝く	通常	傲慢x5	保有	100	第四銀所属人格のみ発動<br>破裂爆発ダメージ量+3<br>破裂爆発時、次のRにてダメージ量減少1を付与（最大3）
空式螺子	通常	怠惰x3	保有	100	ボルトット工房所属人格のみ発動<br>自分の速度が1~3ならば自分の速度を7に変更<br>速度が1~3の敵とマッチする時、対象のマッチ威力-1
弾丸黒疾	通常	傲慢x3	共鳴	100	ロジック・アトリエ所属人格のみ発動<br>弾丸を消費するスキルを捨てる時、捨てたスキルの数によって以下の効果を得る<br>1以上「次のRに付与する破裂の数が1増加」 <br>2以上「次のRにて貫通威力増加1を得る」 <br>3以上「このRで与える破裂ダメージ量+3」
銘柄:Velieve	通常	色欲x4	保有	100	ヴィリーブ工房所属人格のみ発動<br>攻撃前、対象の火傷と煙の合計4ごとに煙1を得る（最大3）
スパナ稼働	通常	怠惰x3 憂鬱x3	保有	100	バラのスパナ工房所属人格のみ発動<br>最大値的中時、共振2を得る<br>マッチ勝利時、共振1を得る
高危険作戦	通常	色欲x2 嫉妬x2 憂鬱x2	保有	100	リンバス・カンパニー所属人格のみ発動<br>戦術2と戦術4のマッチ威力+1<br>R開始時、死亡したリンバス・カンパニー所属人格の数だけダメージ量増加（最大4） 
業火	通常	憤怒x3	共鳴	100	常時：憤怒大罪資源獲得量+1<br>火傷キーワードを使うE.G.Oのスキル威力+3 <br>危険度ランクだけ追加で増加 
魅惑	通常	色欲x3	共鳴	100	常時：色欲大罪資源獲得量+1<br>出血キーワードを使うE.G.Oのスキル威力+3 <br>危険度ランクだけ追加で増加
惰性	通常	怠惰x3	共鳴	100	常時：怠惰大罪資源獲得量+1<br>振動キーワードを使うE.G.Oのスキル威力+3 <br>危険度ランクだけ追加で増加
欲望	通常	暴食x3	共鳴	100	常時：暴食大罪資源獲得量+1<br>破裂キーワードを使うE.G.Oのスキル威力+3 <br>危険度ランクだけ追加で増加
蚕食	通常	憂鬱x3	共鳴	100	常時：憂鬱大罪資源獲得量+1<br>沈潜キーワードを使うE.G.Oのスキル威力+3 <br>危険度ランクだけ追加で増加
驕慢	通常	傲慢x3	共鳴	100	常時：傲慢大罪資源獲得量+1<br>呼吸キーワードを使うE.G.Oのスキル威力+3 <br>危険度ランクだけ追加で増加
摩擦	通常	嫉妬x3	共鳴	100	常時：嫉妬大罪資源獲得量+1<br>充電キーワードを使うE.G.Oのスキル威力+3 <br>危険度ランクだけ追加で増加 
火旺の節	通常	憤怒x5	保有	100	スキルで付与する火傷付与量+1<br>マッチ勝利時、火傷3を付与 
屍山血海	通常	色欲x5	保有	100	スキルで付与する出血付与量+1<br>マッチ勝利時、出血3を付与 
異常震域	通常	怠惰x5	保有	100	スキルで付与する振動付与量+1<br>マッチ勝利時、振動3を付与
破竹の勢い	通常	暴食x5	保有	100	スキルで付与する破裂付与量+1<br>マッチ勝利時、破裂3を付与 
沈む疼き	通常	憂鬱x5	保有	100	スキルで付与する沈潜付与量+1<br>マッチ勝利時、沈潜3を付与
循環呼吸	通常	傲慢x5	保有	100	スキルで獲得する呼吸獲得量+1<br>マッチ勝利時、呼吸3を得る
霹靂閃電	通常	嫉妬x5	保有	100	スキルで獲得する充電獲得量+1<br>マッチ勝利時、充電3を得る
切り伏せる斬撃	通常	なし	なし	150	斬撃スキルを4つ以上保有しているなら、斬撃スキル威力+1 
刺し貫く貫通	通常	なし	なし	150	貫通スキルを4つ以上保有しているなら、貫通スキル威力+1
壊し砕く打撃	通常	なし	なし	150	打撃スキルを4つ以上保有しているなら、打撃スキル威力+1 
鎮魂	通常	なし	なし	1000	R開始時、火傷を付与するスキルを持つ味方が5名以上なら発動<br>火傷を付与するスキルのスキル威力+1<br>憤怒スキルで葬炎時に次のRに憤怒威力増加1を得る（最大1）<br>マッチ勝利時、残ったダイスの数x2だけ火傷を付与
血の霧	通常	なし	なし	1000	R開始時、出血を付与するスキルを持つ味方が5名以上なら発動<br>出血を付与するスキルのスキル威力+1<br>色欲スキルでマッチ時に対象の出血が3回以上発動したなら、次のRに色欲威力増加1を得る（最大1）<br>戦闘中に出血で死亡した敵1名につき出血付与量+1（最大3）
連成振動	通常	なし	なし	1000	R開始時、振動を付与するスキルを持つ味方が5 名以上なら発動<br>振動を付与するスキルのスキル 威力+1<br>怠惰スキルで振動爆発を行い、SANダメ ージを10以上与えたなら、次のRに怠惰威力増加1を得る（最大1）<br>振動爆発で混乱状態にしたなら、ランダムな敵2名に振動6を付与<br>振幅変 換時と振動絡縺時に脆弱1を付与
恍惚鏡	通常	なし	なし	1000	R開始時、破裂を付与するスキルを持つ味方が5名以上なら発動<br>破裂を付与するスキルのスキル威力+1<br>暴食スキルで破裂爆発を行い、HPダメージを10以上与えたなら、次のRに暴食威力増加1を得る（最大1）<br>破裂爆発で破裂が0になる時、ランダムなデバフを1種類除去し、破裂を3付与 
黒い楽譜	通常	なし	なし	1000	R開始時、沈潜または恐慌を付与するスキルを持つ味方が5名以上なら発動<br>沈潜または恐慌を付与するスキルのスキル威力+1<br>憂鬱スキルで沈潜殺到を行う、またはマッチ時に対象の恐慌が3回以上発動したなら、次のRに憂鬱威力増加1を得る（最大1）<br>マッチ開始時、対象の沈潜と恐慌の合計が20以上なら、対象のマッチ威力-2 
福袋	通常	なし	なし	1000	R 開始時、呼吸を獲得するスキルを持つ味方が5名以上なら発動<br>呼吸を獲得するスキルのスキル威力+1<br>傲慢スキルでクリティカル成功時、次のRに傲慢威力増加1を得る（最大1）<br>クリティカルダメージ量+3<br>クリティカル成功時に呼吸5を得る  
第1種永久機関	通常	なし	なし	1000	R 開始時、充電を獲得するスキルを持つ味方が5以上なら発動<br>充電を獲得するスキルのスキル威力+1<br>嫉妬スキルで充電消費時、次のRに嫉妬威力増加1を得る（最大1）<br>自己共振回路基盤1を得る 
覚悟	死亡	憤怒x2	保有	50	SANが最も低い味方1名が、他の味方が死亡すると次のRにパワー1を得る（重複不可）
遊戯	死亡	怠惰x4	保有	50	戦闘開始時、SANが最も低い味方1名のSANを6回復（重複不可）
因子コードG-3	死亡	暴食x4	保有	50	現在の体力が最も低い味方1名がマッチ勝利時、HPを5回復（重複不可）
分析	死亡	傲慢x2	共鳴	50	HPが最も高い味方1名がデバフをもつ敵に与えるダメージ量+2（重複不可）
支持	死亡	色欲x2	共鳴	50	HPが最も高い味方1名の守備スキル威力+3（重複不可）
折られた心	死亡	憂鬱x3	共鳴	50	速度が最も高い味方1名のスキル威力+1（重複不可） 
黙々	死亡	嫉妬x3	保有	50	速度が最も低い味方1名の破裂付与量+1（重複不可） 
指定保護	死亡	憤怒x3	共鳴	50	戦闘開始時、HPが最も低い味方1名が、呼吸1ごとにバリア1を得る（最大10）（重複不可） 
出力改造	死亡	怠惰x3	保有	50	HPが最も高い味方1名の振動付与量+1（重複不可）
決め手	死亡	暴食x5	保有	50	SANが最も高い味方1名の最後のダイスのダメージ量+4（重複不可）
死亡確認射撃	死亡	傲慢x4	保有	50	SANが最も高い味方1名が、HP25%未満の敵を攻 撃する時にダメージ量+5（重複不可）
切り込み隊長	死亡	色欲x2	共鳴	50	速度が最も高い味方1名の出血付与量+1（重複不 可）
知識伝道	死亡	憂鬱x3	保有	50	HPが最も高い味方1名が、スキルを捨てたときバリア8を得る（重複不可）
頭にくる	死亡	嫉妬x5	保有	50	HPが最も低い味方1名の、打撃スキルのダメージ量+2（重複不可）
沸き立つ熱量	死亡	憤怒x3	保有	50	速度が最も低い味方1名の火傷付与量+1（重複不可）
来たる日が為の訓練	死亡	憂鬱x4	保有	50	SANが最も低い味方1名が、沈潜を5以上持つ対象へ攻撃的中時、SANを3回復（1Rに4回）（重複不可）
本能	死亡	憤怒x3	共鳴	500	HP最大値が最も高い味方1名が敵討伐時、次のRからHP最大値が10％増加（最大50％）（重複不可） 
洞察	死亡	怠惰x3	共鳴	500	SANが25％以下のランダムな味方1名のSANを1~20回復（重複不可） 
愛着	死亡	嫉妬x5	保有	500	HP最大値とSAN最大値の合計が最も高い味方1名が被ダメージ時、次のRにマッチ威力1とクイック1を得る（最大2）（重複不可）
抑圧	死亡	傲慢x5	保有	500	速度が最も高い味方1名がこのRにダメージを与えられなかったなら、次のRにクイック1とダメージ量増加2を得る（重複不可）
義体粛清	SP通常	憤怒x2	保有	30	対象が機械融和生命体ならダメージ量+4
痙攣	SP通常	怠惰x2	共鳴	30	対象にスキルで振動爆発時、ダメージ量減少1を付与（1R1回）
オーダーメイド	SP通常	傲慢x2	保有	30	常時：舞台開始時、振動6を得る<br>振動獲得量+1<br>自分が振動爆発によって受けるダメージ-3 
鹵獲	SP通常	怠惰x5	保有	30	マッチ勝利時、対象のパワー / 保護 / ダメージ量増加のうちランダムに1種を最大2吸収
スライディング狙撃	SP通常	なし	なし	30	使用するスキルの最後の銃撃ダイスに「的中時、次のRにクイック1を得る（1R最大1）」を追加
癒合	SP通常	なし	なし	30	自分以外の味方のHPまたはSANを回復する時、回復量+3
ラッキーガイ	SP通常	傲慢x2 怠惰x2	保有	30	過半数攻撃的中時、SAN1~5回復
脳震盪	SP通常	怠惰x3	共鳴	30	マッチ勝利時、対象の振動が10以上なら対象に振動爆発
剣先で測る	SP通常	憂鬱x2	保有	50	互いの攻撃属性が同じなら、マッチ威力+1
解体屋	SP通常	憤怒x2	共鳴	50	対象を混乱または討伐したなら、次のRにランダム な属性威力増加2を得る
盗塁王	SP通常	嫉妬x3	保有	50	速度ダイスで最大値を出したのなら、速度値+3
平和交渉	SP通常	暴食x3	保有	50	マッチ開始時、次のRに互いに保護2を得る。50％ の確率で対象に保護を付与しない
戦場カメラマン	SP通常	憂鬱x2	共鳴	50	戦闘開始時、両隣の味方のSAN10回復しダメージ量減少3を得る
番人	SP通常	傲慢x2	共鳴	50	ディレイ時、このRで使用する防御 / マッチ可能防御スキルのスキル威力+3
逆極性	SP通常	嫉妬x3	保有	50	電圧1ごとに充電獲得量+1（最大3）
剣撃	SP通常	なし	なし	50	斬撃スキルのダメージ量+2
突き抜く	SP通常	なし	なし	50	貫通スキルのダメージ量+2
乱打	SP通常	なし	なし	50	打撃スキルのダメージ量+2
連帯	SP通常	憤怒x3	保有	50	全ての味方が生存しているならパワー1を得る。自分以外の味方がいないなら虚弱3と脆弱5を得る
秘密のレシピ	SP通常	色欲x2	共鳴	50	最初のダイスで火傷または破裂を付与する時、火傷付与量と破裂付与量+2
か～にバル	SP通常	暴食x2	共鳴	50	敵味方識別不可状態の時、ダメージ量+5
産地直送	SP通常	憤怒x2	共鳴	50	戦闘開始時、生存している敵1名につきクリティカルダメージ量1増加（最大5）
裏路地の掟	SP通常	なし	なし	50	舞台開始時、ランダムな大罪資源を2種2つずつ得る
懐中時計	SP通常	怠惰x2	共鳴	50	振動爆発時、振動2を付与
緊急バッテリー	SP通常	嫉妬x3	共鳴	50	マッチ敗北時、バリア15を得る
幻想狩り	SP通常	憂鬱x2	保有	50	戦闘開始時、幻想体 / ねじれ / 開花E.G.Oの敵がいるならダメージ量増加3を得る
裏路地の夜	SP通常	傲慢x3	共鳴	50	スキル使用時、最後のダイスに「的中時、HP8回復。過半数的中時、対象の出血を1回発動」を追加
紹興酒	SP通常	憤怒x2 暴食x2	保有	50	自分の減少HP15ごとにダメージ量+1（最大3）<br>破裂を付与する人格なら最大上限が5まで増加
神経損傷	SP通常	憂鬱x3	保有	50	対象が行動不能または対象が混乱状態またはSANがない場合にのみ発動<br>最後のダイス的中時、対象の恐慌を最大30消費して消費した恐慌x2だけ憂鬱ダメージを与える
感情の激動	SP通常	憤怒x3	共鳴	50	常時：SAN最大値+10<br>戦闘開始時、SANを2+（現在の感情レベルx2）だけ回復
凝華	SP通常	嫉妬x3	保有	50	恐慌付与時、憂鬱脆弱1を付与（1R最大2）
奇襲	SP通常	憂鬱x2	共鳴	50	一方攻撃時、恐慌3を付与
逆鱗	SP通常	憤怒x3	保有	70	憤怒スキルから受けるダメージ量-3<br>憤怒スキル からダメージを受けた時、攻撃者に火傷1を付与 （最大3）
情炎	SP通常	色欲x3	保有	70	色欲スキルから受けるダメージ量-3<br>色欲スキル からダメージを受けた時、攻撃者に出血1を付与 （最大3）
惰気	SP通常	怠惰x3	保有	70	怠惰スキルから受けるダメージ量-3<br>怠惰スキル からダメージを受けた時、攻撃者に振動1を付与 （最大3）
貪食	SP通常	暴食x3	保有	70	暴食スキルから受けるダメージ量-3<br>暴食スキル からダメージを受けた時、攻撃者に破裂1を付与 （最大3）
悲観	SP通常	憂鬱x3	保有	70	憂鬱スキルから受けるダメージ量-3<br>憂鬱スキル からダメージを受けた時、攻撃者に沈潜1を付与 （最大3）
傲岸	SP通常	傲慢x3	保有	70	傲慢スキルから受けるダメージ量-3<br>傲慢スキル からダメージを受けた時、攻撃者にダメージ量減少1を付与（最大2）
羨望	SP通常	嫉妬x3	保有	70	嫉妬スキルから受けるダメージ量-3<br>嫉妬スキル からダメージを受けた時、攻撃者に脆弱1を付与 （最大2）
偽りの光背	SP通常	傲慢x5	保有	70	スキル使用時、最後のダイスのダメージ量+1~8<br>自分がこのRに敵にスキルでダメージを受けているなら、この効果を全てのダイスに適用する代わりに、ダメージ量が0~4へ変更
くびき	SP通常	暴食x5	保有	80	マッチ勝利時、マッチ勝利した対象の使用したスキルの大罪属性が自分の大罪属性と同じなら、対象のHP5~15吸収
軽蔑	SP通常	憤怒x5	保有	80	挑発値で自分をターゲティングした敵の攻撃スキル1につき、ダメージ量+2（最大6）<br>R終了時にこの効果をリセット
王の残滓	SP通常	傲慢x5	保有	80	敵討伐時、ランダムな大罪資源を3種を2個ずつ得る
貪欲する棘	SP通常	色欲x5	保有	80	R終了時、自分がこのRで出血を付与したキャラクターに次のRにて色欲脆弱3を付与（同じキャラクターに重複不可）
疑問	SP通常	暴食x3	保有	80	敵討伐時、全ての敵のSAN10減少<br>味方死亡時、 次のRに束縛1とパワー1を得る
愛をください	SP通常	嫉妬x5	保有	80	マッチ勝利時、対象のSAN5減少<br>次のRに嫉妬脆弱1を付与
ぷにゅにゅんオレンジ味	SP通常	色欲x2	共鳴	80	スキルによる被ダメージ時、HP3回復（1R最大4 回）
響く残響	SP通常	怠惰x3	保有	80	敵討伐時、または攻撃後に対象が死亡したなら、 対象が保有した（振動x0.8）分、次のRにランダム な敵1名に怠惰ダメージを与える
吸って吐いて	SP通常	傲慢x2	共鳴	80	自分の呼吸が10以下ならクリティカル発動率-25%<br>11以上ならクリティカル発動率+25%
苦闘	SP通常	憂鬱x3	保有	100	HPが50％以下なら沈潜と恐慌によるダメージが半減
したたか	SP通常	傲慢x3	保有	100	R開始時、感情レベルが1 / 3 / 5なら保護と混乱保護 を1 / 2 / 3得る
牙突	SP通常	色欲x2 暴食x2	保有	100	マッチ勝利時、対象が自分とマッチ進行中に受けた出血ダメージ2ごとに破裂1を付与（最大10）
反動	SP通常	色欲x2 怠惰x2	保有	100	マッチ勝利時、対象が自分とマッチ進行中に受けた出血ダメージ2ごとに振動1を付与（最大10）
栄光	SP通常	怠惰x2	共鳴	100	振動爆発時、次のRに混乱保護3を得る（1R1回）
工房マニア	SP通常	傲慢x2 嫉妬x2	保有	100	○○工房 / ○○・アトリエ / ○○・インダストリー 所属の人格のみ発動<br>基本スキルの全ダイス威力 +0~2
激流	SP通常	憂鬱x3	保有	100	恐慌を付与するスキルでマッチ進行時、対象が恐慌で7以上ダメージを受けたなら次のRの戦術選択 ダイスロールのd数が1増加
きらめく願望	SP通常	暴食x5	保有	100	ぽんぽん派所属人格のみ発動<br>過半数的中時、4の固定ダメージを与えSAN5回復<br>最大値的中時、10の固定ダメージを与え、次のRに暴食ダメージ量増加3を得る
物凄い悪口	SP通常	色欲x5	保有	100	鉄工会所属人格のみ発動<br>マッチ勝利時、対象の恐慌が10以上なら対象の恐慌を1回発動し対象の 恐慌4減少<br>上記の効果で与えた恐慌ダメージが20以上なら精神崩壊1を付与
ウサギのスカーフ	SP通常	暴食x3 憤怒x2	保有	100	デッドラビッツ所属人格のみ発動<br>3ダイス以上のスキル使用時、該当スキルの全ダイスに「的中時、[破裂爆発]。破裂2消費。この効果による破裂ダメージ量-50%」を追加
感覚喪失	SP通常	暴食x3	共鳴	100	笑う顔所属人格のみ発動<br>戦闘開始時、自分の煙が8以上なら煙を全て消費し、自分の居る速度値に感覚喪失3を付与
一片の埃もないように	SP通常	憂鬱x2 色欲x1	保有	100	ワザリングハイツ所属人格のみ発動<br>混乱復帰時、次のRに憂鬱威力増加2と色欲威力増加2を得る<br>マッチ進行時、対象が混乱状態または沈潜が10以上あるなら対象のマッチ威力-1
整理整頓	SP通常	憂鬱x2 嫉妬x1	保有	100	エドガー家所属人格のみ発動<br>速度値+1<br>スキル使用時、対象より速度が高ければ沈潜付与量+1 / 呼吸獲得量+1、対象より速度が低ければ次のRにクイック1とクリティカルダメージ量増加2を得る
義体関節サーボモーター	SP通常	嫉妬x3	共鳴	100	マルチクラック事務所所属人格のみ発動<br>基本攻撃スキルで充電を消費または獲得する時、充電1を得る。電圧が3以上なら、スキル威力+1
狩猟開始	SP通常	暴食x2	共鳴	100	牙狩事務所所属人格のみ発動<br>自分の受ける出血ダメージ量-25%<br>スキル使用時、対象の破裂が10 以上なら破裂を付与する効果がなくなり、代わりにダメージ量+3。対象が血鬼 / 血袋なら追加でスキル威力+2
硬血	SP通常	色欲x4	保有	100	ラ・マンチャランド所属人格のみ発動<br>現在の血餐が25以上の時に攻撃後、対象の出血が5以上なら硬化血液1を得る。自分が血餐を10以上消費したなら追加で1得る
Reindeer施術	SP通常	憂鬱x3	保有	100	トナカイチーム所属人格のみ発動<br>自分が混乱状態から回復する度に今回の戦闘の間、R開始時にマッチ威力増加1と沈潜2を得る（最大3回）
Rhino施術	SP通常	嫉妬x3	保有	100	サイチーム所属人格のみ発動<br>自分の充電が20の時、混乱状態でなければ自分の耐性が1段階上昇しマッチ威力+1
Rabbit施術	SP通常	憤怒x3	保有	100	ウサギチーム所属人格のみ発動<br>自分の 速度が対象より高いなら、速度差3ごとにマッチ威力+1（最大2）
過充電	SP通常	嫉妬x3	保有	100	W社所属人格のみ発動<br>充電が10未満の時、スキル0を使用した時、次のRに過充電1を得る
部分黒獣化	SP通常	暴食x5	保有	100	黒獣所属人格のみ発動<br>スキル0のスキル威力+2。前のRにスキル0を使用したなら、戦闘開始時に暴食威力増加1を得る
卯脚瞬歩	SP通常	暴食x3	共鳴	100	黒獣-卯所属の人格のみ発動<br>自分の速度が対象より高いなら、破裂付与量+1<br>自分の速度が対象より高いか、一方攻撃する時、（速度差/3）だけダメージ量+1（最大4）
巳毒貫極	SP通常	暴食x3	共鳴	100	黒獣-巳所属の人格のみ発動<br>クリティカル攻撃的中時、対象に呪殺【毒】があれば破裂2を付与<br>広域乱射スキルで同じ対象を連続して攻撃した時、 破裂1を付与。単ダイススキルでクリティカル成功時、クリティカルダメージ量+5
奔馬穿陣	SP通常	暴食x3	共鳴	100	黒獣-午所属の人格のみ発動<br>対象の振動が対象の 破裂より少ないなら、攻撃的中時に振動2を付与<br> 振動爆発時、対象の振動が10以上なら次のRに余波1を付与
闘鶏炎舞	SP通常	暴食x3	共鳴	100	黒獣-酉所属の人格のみ発動<br>戦闘開始時、火傷8を得る<br>自分のHPが50％以下なら追加で火傷付与量+1 / 破裂付与量+1、自分に血炎があるなら、血炎1を得る 
お風呂の温度は～	SP通常	憤怒x2	保有	100	湯の花運送所属人格のみ発動<br>戦闘開始時、自分の温度が1d100上昇（1戦闘1回）<br>自分の温度が40以上なら火傷と葬炎から受けるダメージが-50%<br>自分の温度が60以上ならR開始時に熱異常1を得る
加工紅銀：紅色破砕弾	SP通常	傲慢x4	保有	100	銃鎚派所属人格のみ発動<br>戦闘開始時、自分の弾丸を[紅色破砕弾]へと弾倉変換<br>マッチ勝利時、精錬爆薬3を得る<br>攻撃後、精錬爆薬1を得る
加工紅銀：紅色刀紋	SP通常	傲慢x4	保有	100	太刀派所属人格のみ発動<br>戦闘開始時、研磨10を得る（1戦闘1回）<br>バリア状態の敵に攻撃的中時、研磨1を得る<br>攻撃後、研磨2を得る
加工紅銀：紅色鏃 	SP通常	傲慢x4	保有	100	弓派所属人格のみ発動<br>戦闘開始時、 自分の弾丸を[紅色甲矢]へと弾倉変換<br>攻撃後、 弾丸を消費したなら紅光1を付与
加工紅銀：紅色流血	SP通常	傲慢x4	保有	100	輪刃派所属人格のみ発動<br>基本攻撃スキルで破裂爆発時、内部破裂1を付与<br>出血状態の敵に攻撃的中時、破裂脆弱1を付与（1R最大2回）
演者の行進	SP通常	戦闘に参加している味方全員が同じ大罪共鳴	なし	100	笛吹きの音楽隊所属人格のみ発動<br>共鳴による威力補正を最大5まで受けられる<br>音符獲得量+1<br>クリティカル成功による呼吸消費量が0になる
オードパルファ ム	SP通常	憂鬱x3 傲慢x2	保有	100	ディアマン・ノワール所属人格のみ発動<br>奇数R終了時、自分の沈潜が半減しない<br>自分のスキルの効果で自分の沈潜を消費した時、その効果によるバフ獲得量+1、デバフ付与量+1<br>自分が士気低下または混乱状態なら、追加で次のRに沈潜付与量増加1を得る。
逢魔が時	SP通常	嫉妬x5	保有	100	常時：舞台開始時、呪い2を得る<br>鬼門事務所所属のみ発動<br>マッチ勝利時、呪い2を得る<br>自分の呪いが6以上ならスキル威力+1。対象がねじれなら追加でダメージ量+2 
超高カロリーエネルギーバー	SP通常	色欲x4	共鳴	100	触腕事務所所属のみ発動<br>戦闘開始時、[満腹]を1得る<br>メインパッシブスキルの効果でダイスが変化するなら、スキル威力+3(戦闘中1回のみ発動)
あれは我が炎拳事務所の制服だ！	SP通常	憤怒x3	共鳴	100	炎拳事務所所属人格のみ発動<br>対象の火傷6につきダメージ量+2（最大6）<br>葬炎時、消費した火傷の半数だけ、再度火傷を付与する
落ちた一雫	SP通常	色欲x3	共鳴	100	常時：舞台開始時、血餐50を得る（重複発動不可）<br>自分の累計消費血餐20ごとにダメージ量+1（最大5）<br>通常スキルの最後のダイス的中時、対象の出血1回発動し出血3減少 
史製充電回路	SP通常	憂鬱x3	保有	100	シー家所属人格のみ発動<br>充電を消費するスキルで攻撃的中時、破裂1を付与(スキルごとに3回発動)<br>破裂爆発時、充電3を得る
吸魂療法	SP通常	憤怒x3	保有	100	ワン家所属人格のみ発動<br>R開始時、自分のHPが50％以下ならランダムなワン家所属の味方1名のHPを自分のHPが75％になるまで吸収しSANを最大まで回復（戦闘中一回）
絶血刀	SP通常	色欲x5	保有	100	シュエ家所属人格のみ発動<br>自分のHPが減少しているならマッチ威力+1。スキル使用時、最後のダイスに「対象の出血だけダメージ量増加（最大10）」を追加
水の中の月	SP通常	暴食x5	保有	300	ジア家所属人格のみ発動<br>破裂爆発時、呼吸をこのRで的中したダイスの数x2だけ得る（最大6）
吸血	SP通常	色欲x5	保有	300	血鬼人格のみ発動<br>対象が出血状態なら、攻撃的中時に与えたダメージの10％だけHPを回復（1ダイスごとに最大10。1R合計最大30回復）
我が声に応えるがよい	SP通常	嫉妬x5	保有	300	ワザリングハイツ / エドガー家所属人格のみ発動<br>自分がワイルドハント状態ならスキル威力+3<br>デュラハン状態の時、スキル威力+1 / 沈潜付与量+1
抑制された白化	SP通常	傲慢x5	保有	300	ピークォド号所属人格のみ発動<br>クリティカル成功時、50％の確率でクリティカル成功による呼吸が消費されない<br>ピークォド号船長の人格が敵討伐時、この戦闘の間貫通威力増加1 / 保護1 / クリティカルダメージ量増加1を得る（最大3）
え辛い蕾	SP通常	怠惰x3	保有	300	開花E.G.O壇香梅人格のみ発動<br>開花E.G.O「壇香梅」によるSAN減少量がR終了時に壇香梅x2だけSAN減少に変更<br>マッチ勝利時に振動3を得る
処断の歓喜	SP通常	色欲x6	保有	300	N社の狂信者所属の人格のみ発動<br>R開始時、狂信1を得る<br>N社握る者なら追加で喜悦1を得る<br>N社握らんとする者なら追加で純粋1を得る
本国剣術	SP通常	傲慢x3	保有	300	剣契所属人格かつR開始時に剣契所属の味方が5名以上で発動<br>バフ[本国剣術]の効果を変更（重複不可）<br>「スキル使用時、自分の呼吸が5以上なら、スキル1とスキル2のスキル威力+(3/ダイス数。最小1)、クリティカルダメージ量+(4/ダイス数。最小1) スキル使用時、自分の呼吸が7以上ならスキル3とスキル4のダメージ量+(4/ダイス数。最小1)、クリティカルダメージ量+(6/ダイス数。最小1)」
押し寄せる黒い雲	SP通常	色欲x3	保有	300	黒雲会所属人格かつR開始時に黒雲会所属の味方が 5名以上で発動<br>戦闘開始時、黒い雲1を得る<br>被ダメージ時に次のRに色欲威力増加1を得る（1R最大2回）
規律順守	SP通常	憤怒x3	共鳴	300	親指所属人格のみ発動<br>弾丸を消費するスキル使用時、次のRにクイック1~2を得る<br>マッチ勝利時に対象の振動が振幅変換されていないなら振動-灼熱に振幅変換し火傷2振動3を付与
指令の庇護	SP通常	憂鬱x3	保有	300	人差し指所属人格のみ発動<br>敵討伐時、対象が指令対象なら次のRにパワー1を得る<br>R終了時にカルマの値だけ固定HPダメージを受ける。（この効果でHPが1未満にならない）<br>当該効果でダメージを受けたなら、次のRに（保有したカルマ/2）だけパワーを得る（最大2）
即決処刑	SP通常	嫉妬x2	共鳴	300	中指所属人格のみ発動<br>戦闘開始時、打撃威力増加1を得る<br>嫉妬共鳴が4以上なら戦闘開始時にランダムな敵1名に仕返し対象1を付与
秀作	SP通常	色欲x2	共鳴	300	薬指所属人格のみ発動<br>戦闘開始時、着想1を得る<br>攻撃後、対象に探求対象1を付与<br>対象が既に探求対象を保有しているなら、探求対象が絵の材料に変換される
ガラスの鉄則	SP通常	暴食x3	保有	300	ガラスの靴団所属人格のみ発動<br>外郭の生物へのダメージ量+1<br>戦闘開始時、全てのガラスの靴団所属の味方が生存しているなら、生存している人数だけ下記の効果を得る。また、1名でも死亡した場合下記の効果は全て発動しない<br>1名以上なら基本攻撃スキルで与えるダメージ量 +2<br>3名以上ならスキル威力+1<br>5名以上なら基本攻撃スキルの恐慌付与量+1 / 呼吸獲得量+1<br>7名以上なら戦闘開始時、呼吸4を得る
銀色の鍵束	SP通常	怠惰x4	保有	500	敵が1名しか生存していないなら、R終了時にランダムな大罪資源1種を2獲得
都市を愛するあなたのための	SP通常	傲慢x3	保有	500	ダメージを受けてHPが30％未満になる時、次のRにHP80％回復する（戦闘ごとに1回）<br>最大値を超えて回復した場合、余剰回復分だけバリアとして得る。当該効果でHPを50以上回復したなら、追加でダメージ量増加2と脆弱5を得る
身剣合一	SP通常	なし	なし	500	戦闘開始時、全味方が宣言したスキルが斬撃属性なら与ダメージ量+（10÷ダイス数。最低1）
終始一貫	SP通常	なし	なし	500	戦闘開始時、全味方が宣言したスキルが貫通属性なら与ダメージ量+（10÷ダイス数。最低1）
現状打破	SP通常	なし	なし	500	戦闘開始時、全味方が宣言したスキルが打撃属性なら与ダメージ量+（10÷ダイス数。最低1）
デスペラード	SP通常	なし	なし	500	R開始時、弾丸を所持する味方が5名以上なら発動<br>弾丸を得るか、消費するスキルのマッチ威力+1とダメージ量+2<br>R終了時、自分が消費した弾丸数だけランダムな敵1名に貫通ダメージを与える（最大10）
とある哲学	SP通常	憤怒x1 色欲x1 怠惰x1 暴食x1 憂鬱x1 傲慢x1 嫉 妬x1	保有	1000	通常スキル使用時、過半数的中時効果を持つダイスの過半数的中時が的中時になる
確率変動者	SP通常	憤怒x1 色欲x1 怠惰x1 暴食x1 憂鬱x1 傲慢x1 嫉 妬x1	保有	1000	スキルで1番初めのダイス使用時、該当ダイスが未半数なら1度だけダイスを振りなおす<br>減算ダイスなら代わりに該当ダイスが過半数なら1度だけダイ スを振りなおす。
絡まる因縁	SP通常	いずれかの大罪で7共鳴以上	なし	1000	戦闘開始時、スキル威力+5（戦闘ごとに1回のみ発動）
発電モーターL-22	通常	なし	なし	20	戦闘開始時、充電10を得る（戦闘中1回）
窮地より	通常	なし	なし	50	自分がいる速度値に効果が付与されているならスキル威力+1
のるかそるか	通常	傲慢x3	共鳴	50	戦闘開始時、クリティカル成功率が90%減少しクリティカルダメージ量+5
追跡	通常	色欲x2	共鳴	100	鈎事務所所属人格のみ発動<br>自分より速度が高い敵がいるなら、戦闘開始時にクイック1~2を得て攻撃的中時に（対象の出血/5+2）だけSANを回復（1ダイス最大7）
黄昏の剣	通常	憤怒x3	共鳴	100	夜明事務所所属人格のみ発動<br>基本攻撃スキルの火傷付与と振動付与量+1<br>戦闘開始時にSANを5~10回復<br>この効果でSANを回復する時、最大値を超過したSANはR終了まで蓄積される
人生の終止符	通常	傲慢x3	共鳴	100	終止符事務所所属人格のみ発動<br>基本攻撃スキルの呼吸獲得量+1<br>弾丸があるなら、クリティカル成功で呼吸が減少する時、呼吸が4以下にならない
マージン	通常	怠惰x3	共鳴	100	スキルを複数捨てる時、全てのスキルが戦術選択ダイスロールから除外されない
猛獣の本能	通常	なし	なし	100	東部親指カポllll人格かつ虎標弾または猛虎標弾へ弾倉変換する人格なら発動<br>保有弾丸数上限が+6<br>スキル使用時に底力5を得る<br>スキル4使用時に底力を全て消費する
パレルモ剣術	通常	憤怒x3	共鳴	100	蜘蛛の巣 親指所属人格のみ発動<br>前のRと同じ対象とマッチしたなら、SANを1~10回復しマッチ威力+1<br>自分のスキル効果で振動爆発が発動したなら、次のRに憤怒ダメージ量増加1を得る（1Rに3回）
端末機	通常	憂鬱x3	共鳴	100	蜘蛛の巣 人差し指所属人格のみ発動<br>指令を遂行したなら、呼吸4を得る<br>指令を遂行できなかった場合に得るカルマを無効化する(戦闘中2回)
ルール違反	通常	嫉妬x3	共鳴	100	蜘蛛の巣 中指所属人格のみ発動<br>戦闘開始時、味方が装着した守備スキルの数/2だけダメージ量+1（最大6）<br>自分を除く守備スキルを装着した味方が中指所属なら2人分として扱う
身体中心美術	通常	色欲x3	共鳴	100	蜘蛛の巣薬指所属人格のみ発動<br>基本攻撃スキルで攻撃的中時、デバフを付与して同時にバフを得たなら、攻撃後にSANを4~8回復<br>この効果でSAN回復時にSANが最大なら次のRにパワー1を得る（1Rに1回）
赤く縺れた蜘蛛の巣	通常	憤怒x5	保有	100	死亡している味方の数だけダメージ量増加1を得る（最大3）<br>死亡している味方2名ごとにマッチ威力+1（最大2）<br>自分が蜘蛛の巣所属かつ、死亡している味方が蜘蛛の巣所属なら2人分として扱う
野生美	通常	色欲x2 憂鬱x2	保有	100	野獣派所属人格のみ発動<br>基本スキルのダメージ量+2<br>攻撃後、対象の沈潜が10以上、または引き裂かれた色彩が合計10以上なら、次のRにパワー1を得る（1Rに1回）
切磋琢磨	通常	暴食x3	保有	100	ジア家 / シュエ家 / ワン家 / シー家の家主候補人格のみ発動<br>破裂を付与するスキルのマッチ威力+1<br>マッチ勝利時、HPを10回復し、SANを5回復し、次のRにクイック1と保護1を得る
試験抽出:紅炎殺	通常	憤怒x5	保有	100	LCE E.G.O::紅炎殺人格のみ発動<br>火傷を付与するダイスのダメージ量+2<br>火傷を得るスキルのマッチ威力+1<br>戦闘開始時、自分が生き残ったR3ごとにマッチ威力増加1を得る（最大2）
試験抽出:提灯	通常	暴食x5	保有	100	LCE E.G.O::提灯人格のみ発動<br>破裂を付与するダイスのダメージ量+2<br>自分の失ったHPが20%以上ならマッチ威力+1<br>自分の持つ挑発値/3だけダメージ量増加（最大5）
試験抽出:AEDD	通常	嫉妬x5	保有	100	LCE E.G.O::AEDD人格のみ発動<br>充電を得たなら、次のRにダメージ量増加1を得る（1Rに最大2回）<br>充電を消費したなら、次のRにマッチ威力増加1を得る（1Rに最大1回）<br>自分に高電圧外皮があるなら、戦闘開始時に電圧1を得る（戦闘中2回）
社員証	通常	憤怒x1 暴食x1 嫉妬x1	保有	300	LCE所属人格のみ発動<br>自分が死亡時に、全種類の大罪資源を1ずつ獲得<br>この戦闘の間に同じ所属の味方が死亡したなら、次のRからパワー1と忍耐1を得る（最大2）
苦痛なき慈悲	通常	色欲x2 傲慢x2	保有	300	夜の錐所属人格のみ発動<br>HPが50%以下の敵に使用するスキル威力+1<br>対象のHPが25%以下なら、攻撃的中時に対象を[破壊]（強敵無効）
魔王の行進	通常	ワザリングハイツ / エドガー家所属の味方5名以上	なし	1000	ワザリングハイツ / エドガー家所属人格のみ発動<br>ワザリングハイツ・ワイルドハントの人格生存時、ワイルドハントの効果で死亡しない<br>（ワザリングハイツ・ワイルドハントはこの効果は適応されない）
盗んできた炎	通常	なし	なし	1000	R開始時、火傷または特殊火傷を付与するスキルを持つ味方が5名以上かつ自分が火傷または特殊火傷を付与するスキルを持つなら発動<br>攻撃的中時、対象の火傷を1回発動し対象の火傷を3減少（1Rに1回）<br>R終了時、全ての敵に火傷があるなら、次のRに憤怒ダメージ量増加3を得る
出血性ショック	通常	なし	なし	1000	R開始時、出血はまたは特殊出血を付与するスキルを持つ味方が5名以上かつ自分が出血または特殊出血を付与するスキルを持つなら発動<br>マッチ勝利時、対象の出血を1回発動し対象の出血を4減少<br>R終了時、全ての敵に出血があるなら、次のRに色欲ダメージ量増加3を得る
無振八方鐘	通常	なし	なし	1000	R開始時、振動を付与するスキルを持つ味方が5名以上かつ自分が振動を付与するスキルを持つなら発動<br>R開始時、自分の振動5ごとにマッチ威力+1（最大3）<br>振幅絡縺時、現在の振動-重畳が次のRまで延長する<br>振幅変換時に次のRに怠惰ダメージ量増加3を得る（1Rに1回）
破綻	通常	なし	なし	1000	R開始時、破裂を付与するスキルを持つ味方が5名以上かつ自分が破裂を付与するスキルを持つなら発動<br>破裂が15以下の敵に付与する破裂付与量+3<br>マッチ進行時、対象の破裂が10以上なら対象のマッチ威力-1<br>破裂爆発時、次のRに暴食ダメージ量増加3を得る（1Rに1回）
襲う波	通常	なし	なし	1000	R開始時、沈潜または特殊沈潜を付与するスキルを持つ味方が5名以上かつ自分が沈潜または特殊沈潜を付与するスキルを持つなら発動<br>沈潜キーワードを持つスキルで攻撃的中時、対象の沈潜を1回発動し対象の沈潜を3減少（1Rに1回）<br>SANが25%以下の敵に攻撃後、次のRに憂鬱ダメージ量増加3を得る（1Rに1回）
カスクスピリッツ	通常	なし	なし	1000	R開始時、呼吸を得るスキルを持つ味方が5名以上かつ自分が呼吸を得るスキルを持つなら発動<br>スキルで呼吸を得る時、呼吸獲得量+2<br>呼吸が20以上ならクリティカル発生時の呼吸消費量-1（0にはならない）<br>呼吸が40以上ならR終了時、呼吸10を消費し次のRに傲慢ダメージ量増加3を得る
第5種永久機関	通常	なし	なし	1000	R開始時、充電または特殊充電を得るスキルを持つ味方が5名以上かつ自分が充電または特殊充電を得るスキルを持つなら発動<br>舞台開始時、充電力場7を得る<br>電圧を得る時、追加で電圧1を得る<br>充電を消費するスキル使用時、自分の電圧が3以上なら次のRに嫉妬ダメージ量増加3を得る
富	通常	なし	なし	1000	シナリオ報酬で獲得するLPが25%増加（最大20）